
C:/Repositories/pico/112-blink/build/112_blink.elf:     file format elf32-littlearm

Sections:
Idx Name          Size      VMA       LMA       File off  Algn
  0 .boot2        00000100  10000000  10000000  00001000  2**0
                  CONTENTS, ALLOC, LOAD, READONLY, CODE
  1 .text         0000169c  10000100  10000100  00001100  2**3
                  CONTENTS, ALLOC, LOAD, READONLY, CODE
  2 .rodata       000000d8  1000179c  1000179c  0000279c  2**2
                  CONTENTS, ALLOC, LOAD, READONLY, DATA
  3 .binary_info  0000001c  10001874  10001874  00002874  2**2
                  CONTENTS, ALLOC, LOAD, READONLY, DATA
  4 .xip_ram      00000000  15000000  15000000  00003238  2**0
                  CONTENTS
  5 .ram_vector_table 000000c0  20000000  20000000  00004000  2**2
                  ALLOC
  6 .uninitialized_data 00000000  200000c0  200000c0  00003238  2**0
                  CONTENTS
  7 .data         00000178  200000c0  10001890  000030c0  2**4
                  CONTENTS, ALLOC, LOAD, READONLY, CODE
  8 .tdata        00000000  20000238  20000238  00003238  2**0
                  CONTENTS, ALLOC, LOAD, DATA, THREAD_LOCAL
  9 .tbss         00000000  20000238  20000238  00000000  2**0
                  ALLOC, THREAD_LOCAL
 10 .tbss_space   00000000  20000238  20000238  00003238  2**0
                  CONTENTS
 11 .bss          000003d0  20000238  10001a08  00003238  2**3
                  ALLOC
 12 .tls0         00000000  20000608  20000608  00003238  2**0
                  CONTENTS
 13 .tls1         00000000  20000608  20000608  00003238  2**0
                  CONTENTS
 14 .persistent_data 00000000  20000608  20000608  00003238  2**0
                  CONTENTS
 15 .dummy_pre_heap 00000000  20000608  20000608  00003238  2**0
                  CONTENTS
 16 .heap         00000800  20000608  20000608  00004000  2**2
                  ALLOC, READONLY
 17 .scratch_x    00000000  20040000  20040000  00003238  2**0
                  CONTENTS
 18 .scratch_y    00000000  20041000  20041000  00003238  2**0
                  CONTENTS
 19 .stack_dummy  00000800  20041000  20041000  00004000  2**5
                  ALLOC, READONLY
 20 .debug_info   00019982  00000000  00000000  00003238  2**0
                  CONTENTS, READONLY, DEBUGGING, OCTETS
 21 .debug_abbrev 0000451f  00000000  00000000  0001cbba  2**0
                  CONTENTS, READONLY, DEBUGGING, OCTETS
 22 .debug_loc    000161ee  00000000  00000000  000210d9  2**0
                  CONTENTS, READONLY, DEBUGGING, OCTETS
 23 .debug_aranges 00000ea8  00000000  00000000  000372c8  2**3
                  CONTENTS, READONLY, DEBUGGING, OCTETS
 24 .debug_ranges 00007a40  00000000  00000000  00038170  2**3
                  CONTENTS, READONLY, DEBUGGING, OCTETS
 25 .debug_line   000147bb  00000000  00000000  0003fbb0  2**0
                  CONTENTS, READONLY, DEBUGGING, OCTETS
 26 .debug_str    0000478e  00000000  00000000  0005436b  2**0
                  CONTENTS, READONLY, DEBUGGING, OCTETS
 27 .comment      00000049  00000000  00000000  00058af9  2**0
                  CONTENTS, READONLY
 28 .ARM.attributes 0000002a  00000000  00000000  00058b42  2**0
                  CONTENTS, READONLY
 29 .debug_frame  000019a0  00000000  00000000  00058b6c  2**2
                  CONTENTS, READONLY, DEBUGGING, OCTETS

C:/Repositories/pico/112-blink/build/112_blink.elf:     file format elf32-littlearm


Disassembly of section .boot2:

10000000 <__boot2_start__>:
10000000:	4b32b500 	.word	0x4b32b500
10000004:	60582021 	.word	0x60582021
10000008:	21026898 	.word	0x21026898
1000000c:	60984388 	.word	0x60984388
10000010:	611860d8 	.word	0x611860d8
10000014:	4b2e6158 	.word	0x4b2e6158
10000018:	60992100 	.word	0x60992100
1000001c:	61592102 	.word	0x61592102
10000020:	22f02101 	.word	0x22f02101
10000024:	492b5099 	.word	0x492b5099
10000028:	21016019 	.word	0x21016019
1000002c:	20356099 	.word	0x20356099
10000030:	f844f000 	.word	0xf844f000
10000034:	42902202 	.word	0x42902202
10000038:	2106d014 	.word	0x2106d014
1000003c:	f0006619 	.word	0xf0006619
10000040:	6e19f834 	.word	0x6e19f834
10000044:	66192101 	.word	0x66192101
10000048:	66182000 	.word	0x66182000
1000004c:	f000661a 	.word	0xf000661a
10000050:	6e19f82c 	.word	0x6e19f82c
10000054:	6e196e19 	.word	0x6e196e19
10000058:	f0002005 	.word	0xf0002005
1000005c:	2101f82f 	.word	0x2101f82f
10000060:	d1f94208 	.word	0xd1f94208
10000064:	60992100 	.word	0x60992100
10000068:	6019491b 	.word	0x6019491b
1000006c:	60592100 	.word	0x60592100
10000070:	481b491a 	.word	0x481b491a
10000074:	21016001 	.word	0x21016001
10000078:	21eb6099 	.word	0x21eb6099
1000007c:	21a06619 	.word	0x21a06619
10000080:	f0006619 	.word	0xf0006619
10000084:	2100f812 	.word	0x2100f812
10000088:	49166099 	.word	0x49166099
1000008c:	60014814 	.word	0x60014814
10000090:	60992101 	.word	0x60992101
10000094:	2800bc01 	.word	0x2800bc01
10000098:	4700d000 	.word	0x4700d000
1000009c:	49134812 	.word	0x49134812
100000a0:	c8036008 	.word	0xc8036008
100000a4:	8808f380 	.word	0x8808f380
100000a8:	b5034708 	.word	0xb5034708
100000ac:	20046a99 	.word	0x20046a99
100000b0:	d0fb4201 	.word	0xd0fb4201
100000b4:	42012001 	.word	0x42012001
100000b8:	bd03d1f8 	.word	0xbd03d1f8
100000bc:	6618b502 	.word	0x6618b502
100000c0:	f7ff6618 	.word	0xf7ff6618
100000c4:	6e18fff2 	.word	0x6e18fff2
100000c8:	bd026e18 	.word	0xbd026e18
100000cc:	40020000 	.word	0x40020000
100000d0:	18000000 	.word	0x18000000
100000d4:	00070000 	.word	0x00070000
100000d8:	005f0300 	.word	0x005f0300
100000dc:	00002221 	.word	0x00002221
100000e0:	180000f4 	.word	0x180000f4
100000e4:	a0002022 	.word	0xa0002022
100000e8:	10000100 	.word	0x10000100
100000ec:	e000ed08 	.word	0xe000ed08
	...
100000fc:	7a4eb274 	.word	0x7a4eb274

Disassembly of section .text:

10000100 <__VECTOR_TABLE>:
10000100:	20042000 	.word	0x20042000
10000104:	100001f7 	.word	0x100001f7
10000108:	100001cb 	.word	0x100001cb
1000010c:	100001cd 	.word	0x100001cd
10000110:	100001c9 	.word	0x100001c9
10000114:	100001c9 	.word	0x100001c9
10000118:	100001c9 	.word	0x100001c9
1000011c:	100001c9 	.word	0x100001c9
10000120:	100001c9 	.word	0x100001c9
10000124:	100001c9 	.word	0x100001c9
10000128:	100001c9 	.word	0x100001c9
1000012c:	100001cf 	.word	0x100001cf
10000130:	100001c9 	.word	0x100001c9
10000134:	100001c9 	.word	0x100001c9
10000138:	100001d1 	.word	0x100001d1
1000013c:	100001d3 	.word	0x100001d3
10000140:	100001c1 	.word	0x100001c1
10000144:	100001c1 	.word	0x100001c1
10000148:	100001c1 	.word	0x100001c1
1000014c:	100001c1 	.word	0x100001c1
10000150:	100001c1 	.word	0x100001c1
10000154:	100001c1 	.word	0x100001c1
10000158:	100001c1 	.word	0x100001c1
1000015c:	100001c1 	.word	0x100001c1
10000160:	100001c1 	.word	0x100001c1
10000164:	100001c1 	.word	0x100001c1
10000168:	100001c1 	.word	0x100001c1
1000016c:	100001c1 	.word	0x100001c1
10000170:	100001c1 	.word	0x100001c1
10000174:	100001c1 	.word	0x100001c1
10000178:	100001c1 	.word	0x100001c1
1000017c:	100001c1 	.word	0x100001c1
10000180:	100001c1 	.word	0x100001c1
10000184:	100001c1 	.word	0x100001c1
10000188:	100001c1 	.word	0x100001c1
1000018c:	100001c1 	.word	0x100001c1
10000190:	100001c1 	.word	0x100001c1
10000194:	100001c1 	.word	0x100001c1
10000198:	100001c1 	.word	0x100001c1
1000019c:	100001c1 	.word	0x100001c1
100001a0:	100001c1 	.word	0x100001c1
100001a4:	100001c1 	.word	0x100001c1
100001a8:	100001c1 	.word	0x100001c1
100001ac:	100001c1 	.word	0x100001c1
100001b0:	100001c1 	.word	0x100001c1
100001b4:	100001c1 	.word	0x100001c1
100001b8:	100001c1 	.word	0x100001c1
100001bc:	100001c1 	.word	0x100001c1

100001c0 <__unhandled_user_irq>:
100001c0:	f3ef 8005 	mrs	r0, IPSR
100001c4:	3810      	subs	r0, #16

100001c6 <unhandled_user_irq_num_in_r0>:
100001c6:	be00      	bkpt	0x0000

100001c8 <isr_invalid>:
100001c8:	be00      	bkpt	0x0000

100001ca <isr_nmi>:
100001ca:	be00      	bkpt	0x0000

100001cc <isr_hardfault>:
100001cc:	be00      	bkpt	0x0000

100001ce <isr_svcall>:
100001ce:	be00      	bkpt	0x0000

100001d0 <isr_pendsv>:
100001d0:	be00      	bkpt	0x0000

100001d2 <isr_systick>:
100001d2:	be00      	bkpt	0x0000

100001d4 <__default_isrs_end>:
100001d4:	7188ebf2 	.word	0x7188ebf2
100001d8:	10001874 	.word	0x10001874
100001dc:	10001890 	.word	0x10001890
100001e0:	10000238 	.word	0x10000238
100001e4:	e71aa390 	.word	0xe71aa390

100001e8 <_entry_point>:
100001e8:	2000      	movs	r0, #0

100001ea <_enter_vtable_in_r0>:
100001ea:	491e      	ldr	r1, [pc, #120]	; (10000264 <data_cpy_table+0x2c>)
100001ec:	6008      	str	r0, [r1, #0]
100001ee:	c806      	ldmia	r0!, {r1, r2}
100001f0:	f381 8808 	msr	MSP, r1
100001f4:	4710      	bx	r2

100001f6 <_reset_handler>:
100001f6:	481c      	ldr	r0, [pc, #112]	; (10000268 <data_cpy_table+0x30>)
100001f8:	6800      	ldr	r0, [r0, #0]
100001fa:	2800      	cmp	r0, #0
100001fc:	d001      	beq.n	10000202 <hold_non_core0_in_bootrom+0x4>

100001fe <hold_non_core0_in_bootrom>:
100001fe:	2000      	movs	r0, #0
10000200:	e7f3      	b.n	100001ea <_enter_vtable_in_r0>
10000202:	a40d      	add	r4, pc, #52	; (adr r4, 10000238 <data_cpy_table>)
10000204:	cc0e      	ldmia	r4!, {r1, r2, r3}
10000206:	2900      	cmp	r1, #0
10000208:	d002      	beq.n	10000210 <hold_non_core0_in_bootrom+0x12>
1000020a:	f000 f812 	bl	10000232 <data_cpy>
1000020e:	e7f9      	b.n	10000204 <hold_non_core0_in_bootrom+0x6>
10000210:	4916      	ldr	r1, [pc, #88]	; (1000026c <data_cpy_table+0x34>)
10000212:	4a17      	ldr	r2, [pc, #92]	; (10000270 <data_cpy_table+0x38>)
10000214:	2000      	movs	r0, #0
10000216:	e000      	b.n	1000021a <bss_fill_test>

10000218 <bss_fill_loop>:
10000218:	c101      	stmia	r1!, {r0}

1000021a <bss_fill_test>:
1000021a:	4291      	cmp	r1, r2
1000021c:	d1fc      	bne.n	10000218 <bss_fill_loop>

1000021e <platform_entry>:
1000021e:	4915      	ldr	r1, [pc, #84]	; (10000274 <data_cpy_table+0x3c>)
10000220:	4788      	blx	r1
10000222:	4915      	ldr	r1, [pc, #84]	; (10000278 <data_cpy_table+0x40>)
10000224:	4788      	blx	r1
10000226:	4915      	ldr	r1, [pc, #84]	; (1000027c <data_cpy_table+0x44>)
10000228:	4788      	blx	r1
1000022a:	be00      	bkpt	0x0000
1000022c:	e7fd      	b.n	1000022a <platform_entry+0xc>

1000022e <data_cpy_loop>:
1000022e:	c901      	ldmia	r1!, {r0}
10000230:	c201      	stmia	r2!, {r0}

10000232 <data_cpy>:
10000232:	429a      	cmp	r2, r3
10000234:	d3fb      	bcc.n	1000022e <data_cpy_loop>

10000236 <data_cpy_done>:
10000236:	4770      	bx	lr

10000238 <data_cpy_table>:
10000238:	10001890 	.word	0x10001890
1000023c:	200000c0 	.word	0x200000c0
10000240:	20000238 	.word	0x20000238
10000244:	10001a08 	.word	0x10001a08
10000248:	20040000 	.word	0x20040000
1000024c:	20040000 	.word	0x20040000
10000250:	10001a08 	.word	0x10001a08
10000254:	20041000 	.word	0x20041000
10000258:	20041000 	.word	0x20041000
1000025c:	00000000 	.word	0x00000000
10000260:	4770      	bx	lr
10000262:	0000      	.short	0x0000
10000264:	e000ed08 	.word	0xe000ed08
10000268:	d0000000 	.word	0xd0000000
1000026c:	20000238 	.word	0x20000238
10000270:	20000608 	.word	0x20000608
10000274:	10001411 	.word	0x10001411
10000278:	10000281 	.word	0x10000281
1000027c:	10001409 	.word	0x10001409

10000280 <main>:
10000280:	b570      	push	{r4, r5, r6, lr}
10000282:	24d0      	movs	r4, #208	; 0xd0
10000284:	2580      	movs	r5, #128	; 0x80
10000286:	2019      	movs	r0, #25
10000288:	0624      	lsls	r4, r4, #24
1000028a:	04ad      	lsls	r5, r5, #18
1000028c:	f000 f80c 	bl	100002a8 <gpio_init>
10000290:	6265      	str	r5, [r4, #36]	; 0x24
10000292:	20fa      	movs	r0, #250	; 0xfa
10000294:	6165      	str	r5, [r4, #20]
10000296:	f000 fc05 	bl	10000aa4 <sleep_ms>
1000029a:	20fa      	movs	r0, #250	; 0xfa
1000029c:	61a5      	str	r5, [r4, #24]
1000029e:	0080      	lsls	r0, r0, #2
100002a0:	f000 fc00 	bl	10000aa4 <sleep_ms>
100002a4:	e7f5      	b.n	10000292 <main+0x12>
100002a6:	46c0      	nop			; (mov r8, r8)

100002a8 <gpio_init>:
100002a8:	2301      	movs	r3, #1
100002aa:	22d0      	movs	r2, #208	; 0xd0
100002ac:	4083      	lsls	r3, r0
100002ae:	2140      	movs	r1, #64	; 0x40
100002b0:	0612      	lsls	r2, r2, #24
100002b2:	6293      	str	r3, [r2, #40]	; 0x28
100002b4:	6193      	str	r3, [r2, #24]
100002b6:	4a09      	ldr	r2, [pc, #36]	; (100002dc <gpio_init+0x34>)
100002b8:	0083      	lsls	r3, r0, #2
100002ba:	189a      	adds	r2, r3, r2
100002bc:	6812      	ldr	r2, [r2, #0]
100002be:	00c0      	lsls	r0, r0, #3
100002c0:	4051      	eors	r1, r2
100002c2:	22c0      	movs	r2, #192	; 0xc0
100002c4:	400a      	ands	r2, r1
100002c6:	4906      	ldr	r1, [pc, #24]	; (100002e0 <gpio_init+0x38>)
100002c8:	468c      	mov	ip, r1
100002ca:	4463      	add	r3, ip
100002cc:	601a      	str	r2, [r3, #0]
100002ce:	4b05      	ldr	r3, [pc, #20]	; (100002e4 <gpio_init+0x3c>)
100002d0:	469c      	mov	ip, r3
100002d2:	2305      	movs	r3, #5
100002d4:	4460      	add	r0, ip
100002d6:	6043      	str	r3, [r0, #4]
100002d8:	4770      	bx	lr
100002da:	46c0      	nop			; (mov r8, r8)
100002dc:	4001c004 	.word	0x4001c004
100002e0:	4001d004 	.word	0x4001d004
100002e4:	40014000 	.word	0x40014000

100002e8 <panic>:
100002e8:	b40f      	push	{r0, r1, r2, r3}
100002ea:	b500      	push	{lr}
100002ec:	4808      	ldr	r0, [pc, #32]	; (10000310 <panic+0x28>)
100002ee:	b083      	sub	sp, #12
100002f0:	f001 f9d2 	bl	10001698 <__wrap_puts>
100002f4:	9b04      	ldr	r3, [sp, #16]
100002f6:	2b00      	cmp	r3, #0
100002f8:	d007      	beq.n	1000030a <panic+0x22>
100002fa:	a905      	add	r1, sp, #20
100002fc:	0018      	movs	r0, r3
100002fe:	9101      	str	r1, [sp, #4]
10000300:	f001 f866 	bl	100013d0 <weak_raw_vprintf>
10000304:	4803      	ldr	r0, [pc, #12]	; (10000314 <panic+0x2c>)
10000306:	f001 f9c7 	bl	10001698 <__wrap_puts>
1000030a:	2001      	movs	r0, #1
1000030c:	f001 f878 	bl	10001400 <_exit>
10000310:	1000179c 	.word	0x1000179c
10000314:	10001800 	.word	0x10001800

10000318 <hw_claim_or_assert>:
10000318:	b570      	push	{r4, r5, r6, lr}
1000031a:	f3ef 8c10 	mrs	ip, PRIMASK
1000031e:	b672      	cpsid	i
10000320:	4d0d      	ldr	r5, [pc, #52]	; (10000358 <hw_claim_or_assert+0x40>)
10000322:	682b      	ldr	r3, [r5, #0]
10000324:	2b00      	cmp	r3, #0
10000326:	d0fc      	beq.n	10000322 <hw_claim_or_assert+0xa>
10000328:	f3bf 8f5f 	dmb	sy
1000032c:	2407      	movs	r4, #7
1000032e:	08cb      	lsrs	r3, r1, #3
10000330:	18c6      	adds	r6, r0, r3
10000332:	5cc0      	ldrb	r0, [r0, r3]
10000334:	2301      	movs	r3, #1
10000336:	400c      	ands	r4, r1
10000338:	40a3      	lsls	r3, r4
1000033a:	001c      	movs	r4, r3
1000033c:	4004      	ands	r4, r0
1000033e:	4203      	tst	r3, r0
10000340:	d107      	bne.n	10000352 <hw_claim_or_assert+0x3a>
10000342:	4303      	orrs	r3, r0
10000344:	7033      	strb	r3, [r6, #0]
10000346:	f3bf 8f5f 	dmb	sy
1000034a:	602c      	str	r4, [r5, #0]
1000034c:	f38c 8810 	msr	PRIMASK, ip
10000350:	bd70      	pop	{r4, r5, r6, pc}
10000352:	0010      	movs	r0, r2
10000354:	f7ff ffc8 	bl	100002e8 <panic>
10000358:	d000012c 	.word	0xd000012c

1000035c <next_striped_spin_lock_num>:
1000035c:	4a04      	ldr	r2, [pc, #16]	; (10000370 <next_striped_spin_lock_num+0x14>)
1000035e:	7810      	ldrb	r0, [r2, #0]
10000360:	1c43      	adds	r3, r0, #1
10000362:	b2db      	uxtb	r3, r3
10000364:	2b17      	cmp	r3, #23
10000366:	d900      	bls.n	1000036a <next_striped_spin_lock_num+0xe>
10000368:	2310      	movs	r3, #16
1000036a:	7013      	strb	r3, [r2, #0]
1000036c:	4770      	bx	lr
1000036e:	46c0      	nop			; (mov r8, r8)
10000370:	200001e8 	.word	0x200001e8

10000374 <spin_locks_reset>:
10000374:	2100      	movs	r1, #0
10000376:	4b04      	ldr	r3, [pc, #16]	; (10000388 <spin_locks_reset+0x14>)
10000378:	4a04      	ldr	r2, [pc, #16]	; (1000038c <spin_locks_reset+0x18>)
1000037a:	f3bf 8f5f 	dmb	sy
1000037e:	c302      	stmia	r3!, {r1}
10000380:	4293      	cmp	r3, r2
10000382:	d1fa      	bne.n	1000037a <spin_locks_reset+0x6>
10000384:	4770      	bx	lr
10000386:	46c0      	nop			; (mov r8, r8)
10000388:	d0000100 	.word	0xd0000100
1000038c:	d0000180 	.word	0xd0000180

10000390 <runtime_init_per_core_irq_priorities>:
10000390:	4b05      	ldr	r3, [pc, #20]	; (100003a8 <runtime_init_per_core_irq_priorities+0x18>)
10000392:	4a06      	ldr	r2, [pc, #24]	; (100003ac <runtime_init_per_core_irq_priorities+0x1c>)
10000394:	6013      	str	r3, [r2, #0]
10000396:	4a06      	ldr	r2, [pc, #24]	; (100003b0 <runtime_init_per_core_irq_priorities+0x20>)
10000398:	6013      	str	r3, [r2, #0]
1000039a:	6053      	str	r3, [r2, #4]
1000039c:	6093      	str	r3, [r2, #8]
1000039e:	60d3      	str	r3, [r2, #12]
100003a0:	6113      	str	r3, [r2, #16]
100003a2:	6153      	str	r3, [r2, #20]
100003a4:	6193      	str	r3, [r2, #24]
100003a6:	4770      	bx	lr
100003a8:	80808080 	.word	0x80808080
100003ac:	e000e400 	.word	0xe000e400
100003b0:	e000e404 	.word	0xe000e404

100003b4 <irq_set_enabled>:
100003b4:	231f      	movs	r3, #31
100003b6:	4018      	ands	r0, r3
100003b8:	3b1e      	subs	r3, #30
100003ba:	4083      	lsls	r3, r0
100003bc:	2900      	cmp	r1, #0
100003be:	d005      	beq.n	100003cc <irq_set_enabled+0x18>
100003c0:	21c0      	movs	r1, #192	; 0xc0
100003c2:	4a04      	ldr	r2, [pc, #16]	; (100003d4 <irq_set_enabled+0x20>)
100003c4:	0049      	lsls	r1, r1, #1
100003c6:	5053      	str	r3, [r2, r1]
100003c8:	6013      	str	r3, [r2, #0]
100003ca:	4770      	bx	lr
100003cc:	2280      	movs	r2, #128	; 0x80
100003ce:	4901      	ldr	r1, [pc, #4]	; (100003d4 <irq_set_enabled+0x20>)
100003d0:	508b      	str	r3, [r1, r2]
100003d2:	e7fa      	b.n	100003ca <irq_set_enabled+0x16>
100003d4:	e000e100 	.word	0xe000e100

100003d8 <irq_set_exclusive_handler>:
100003d8:	b510      	push	{r4, lr}
100003da:	f3ef 8c10 	mrs	ip, PRIMASK
100003de:	b672      	cpsid	i
100003e0:	4a0f      	ldr	r2, [pc, #60]	; (10000420 <irq_set_exclusive_handler+0x48>)
100003e2:	6813      	ldr	r3, [r2, #0]
100003e4:	2b00      	cmp	r3, #0
100003e6:	d0fc      	beq.n	100003e2 <irq_set_exclusive_handler+0xa>
100003e8:	f3bf 8f5f 	dmb	sy
100003ec:	4b0d      	ldr	r3, [pc, #52]	; (10000424 <irq_set_exclusive_handler+0x4c>)
100003ee:	3010      	adds	r0, #16
100003f0:	689b      	ldr	r3, [r3, #8]
100003f2:	0080      	lsls	r0, r0, #2
100003f4:	581b      	ldr	r3, [r3, r0]
100003f6:	4a0c      	ldr	r2, [pc, #48]	; (10000428 <irq_set_exclusive_handler+0x50>)
100003f8:	4293      	cmp	r3, r2
100003fa:	d003      	beq.n	10000404 <irq_set_exclusive_handler+0x2c>
100003fc:	4299      	cmp	r1, r3
100003fe:	d001      	beq.n	10000404 <irq_set_exclusive_handler+0x2c>
10000400:	f000 fdb8 	bl	10000f74 <hard_assertion_failure>
10000404:	4b07      	ldr	r3, [pc, #28]	; (10000424 <irq_set_exclusive_handler+0x4c>)
10000406:	689b      	ldr	r3, [r3, #8]
10000408:	5019      	str	r1, [r3, r0]
1000040a:	f3bf 8f5f 	dmb	sy
1000040e:	f3bf 8f5f 	dmb	sy
10000412:	2200      	movs	r2, #0
10000414:	4b02      	ldr	r3, [pc, #8]	; (10000420 <irq_set_exclusive_handler+0x48>)
10000416:	601a      	str	r2, [r3, #0]
10000418:	f38c 8810 	msr	PRIMASK, ip
1000041c:	bd10      	pop	{r4, pc}
1000041e:	46c0      	nop			; (mov r8, r8)
10000420:	d0000124 	.word	0xd0000124
10000424:	e000ed00 	.word	0xe000ed00
10000428:	100001c1 	.word	0x100001c1

1000042c <lock_init>:
1000042c:	4b02      	ldr	r3, [pc, #8]	; (10000438 <lock_init+0xc>)
1000042e:	469c      	mov	ip, r3
10000430:	4461      	add	r1, ip
10000432:	0089      	lsls	r1, r1, #2
10000434:	6001      	str	r1, [r0, #0]
10000436:	4770      	bx	lr
10000438:	34000040 	.word	0x34000040

1000043c <runtime_init_mutex>:
1000043c:	b5f8      	push	{r3, r4, r5, r6, r7, lr}
1000043e:	4d13      	ldr	r5, [pc, #76]	; (1000048c <runtime_init_mutex+0x50>)
10000440:	4e13      	ldr	r6, [pc, #76]	; (10000490 <runtime_init_mutex+0x54>)
10000442:	002c      	movs	r4, r5
10000444:	27ff      	movs	r7, #255	; 0xff
10000446:	42b5      	cmp	r5, r6
10000448:	d21e      	bcs.n	10000488 <runtime_init_mutex+0x4c>
1000044a:	6823      	ldr	r3, [r4, #0]
1000044c:	2b00      	cmp	r3, #0
1000044e:	d00f      	beq.n	10000470 <runtime_init_mutex+0x34>
10000450:	f7ff ff84 	bl	1000035c <next_striped_spin_lock_num>
10000454:	0001      	movs	r1, r0
10000456:	0028      	movs	r0, r5
10000458:	f7ff ffe8 	bl	1000042c <lock_init>
1000045c:	80a7      	strh	r7, [r4, #4]
1000045e:	f3bf 8f5f 	dmb	sy
10000462:	3408      	adds	r4, #8
10000464:	42b4      	cmp	r4, r6
10000466:	d20f      	bcs.n	10000488 <runtime_init_mutex+0x4c>
10000468:	6823      	ldr	r3, [r4, #0]
1000046a:	0025      	movs	r5, r4
1000046c:	2b00      	cmp	r3, #0
1000046e:	d1ef      	bne.n	10000450 <runtime_init_mutex+0x14>
10000470:	f7ff ff74 	bl	1000035c <next_striped_spin_lock_num>
10000474:	0001      	movs	r1, r0
10000476:	0028      	movs	r0, r5
10000478:	f7ff ffd8 	bl	1000042c <lock_init>
1000047c:	7127      	strb	r7, [r4, #4]
1000047e:	f3bf 8f5f 	dmb	sy
10000482:	3408      	adds	r4, #8
10000484:	42b4      	cmp	r4, r6
10000486:	d3ef      	bcc.n	10000468 <runtime_init_mutex+0x2c>
10000488:	bdf8      	pop	{r3, r4, r5, r6, r7, pc}
1000048a:	46c0      	nop			; (mov r8, r8)
1000048c:	20000230 	.word	0x20000230
10000490:	20000238 	.word	0x20000238

10000494 <sleep_until_callback>:
10000494:	4b0a      	ldr	r3, [pc, #40]	; (100004c0 <sleep_until_callback+0x2c>)
10000496:	6819      	ldr	r1, [r3, #0]
10000498:	f3ef 8010 	mrs	r0, PRIMASK
1000049c:	b672      	cpsid	i
1000049e:	680a      	ldr	r2, [r1, #0]
100004a0:	2a00      	cmp	r2, #0
100004a2:	d0fc      	beq.n	1000049e <sleep_until_callback+0xa>
100004a4:	f3bf 8f5f 	dmb	sy
100004a8:	681b      	ldr	r3, [r3, #0]
100004aa:	f3bf 8f5f 	dmb	sy
100004ae:	2200      	movs	r2, #0
100004b0:	601a      	str	r2, [r3, #0]
100004b2:	f380 8810 	msr	PRIMASK, r0
100004b6:	bf40      	sev
100004b8:	2000      	movs	r0, #0
100004ba:	2100      	movs	r1, #0
100004bc:	4770      	bx	lr
100004be:	46c0      	nop			; (mov r8, r8)
100004c0:	20000604 	.word	0x20000604

100004c4 <alarm_pool_irq_handler>:
100004c4:	b5f0      	push	{r4, r5, r6, r7, lr}
100004c6:	46de      	mov	lr, fp
100004c8:	4657      	mov	r7, sl
100004ca:	464e      	mov	r6, r9
100004cc:	4645      	mov	r5, r8
100004ce:	b5e0      	push	{r5, r6, r7, lr}
100004d0:	b085      	sub	sp, #20
100004d2:	f3ef 8205 	mrs	r2, IPSR
100004d6:	2303      	movs	r3, #3
100004d8:	4013      	ands	r3, r2
100004da:	009a      	lsls	r2, r3, #2
100004dc:	0011      	movs	r1, r2
100004de:	9203      	str	r2, [sp, #12]
100004e0:	4ab6      	ldr	r2, [pc, #728]	; (100007bc <alarm_pool_irq_handler+0x2f8>)
100004e2:	5852      	ldr	r2, [r2, r1]
100004e4:	4690      	mov	r8, r2
100004e6:	2201      	movs	r2, #1
100004e8:	409a      	lsls	r2, r3
100004ea:	4691      	mov	r9, r2
100004ec:	4bb4      	ldr	r3, [pc, #720]	; (100007c0 <alarm_pool_irq_handler+0x2fc>)
100004ee:	601a      	str	r2, [r3, #0]
100004f0:	464b      	mov	r3, r9
100004f2:	48b4      	ldr	r0, [pc, #720]	; (100007c4 <alarm_pool_irq_handler+0x300>)
100004f4:	6343      	str	r3, [r0, #52]	; 0x34
100004f6:	4643      	mov	r3, r8
100004f8:	2208      	movs	r2, #8
100004fa:	5e9b      	ldrsh	r3, [r3, r2]
100004fc:	469a      	mov	sl, r3
100004fe:	2b00      	cmp	r3, #0
10000500:	da3d      	bge.n	1000057e <alarm_pool_irq_handler+0xba>
10000502:	4643      	mov	r3, r8
10000504:	889b      	ldrh	r3, [r3, #4]
10000506:	b21b      	sxth	r3, r3
10000508:	2b00      	cmp	r3, #0
1000050a:	db00      	blt.n	1000050e <alarm_pool_irq_handler+0x4a>
1000050c:	e0a1      	b.n	10000652 <alarm_pool_irq_handler+0x18e>
1000050e:	4643      	mov	r3, r8
10000510:	799b      	ldrb	r3, [r3, #6]
10000512:	2b00      	cmp	r3, #0
10000514:	d000      	beq.n	10000518 <alarm_pool_irq_handler+0x54>
10000516:	e0f3      	b.n	10000700 <alarm_pool_irq_handler+0x23c>
10000518:	4643      	mov	r3, r8
1000051a:	2408      	movs	r4, #8
1000051c:	5f1c      	ldrsh	r4, [r3, r4]
1000051e:	2c00      	cmp	r4, #0
10000520:	db23      	blt.n	1000056a <alarm_pool_irq_handler+0xa6>
10000522:	4642      	mov	r2, r8
10000524:	6952      	ldr	r2, [r2, #20]
10000526:	0063      	lsls	r3, r4, #1
10000528:	4694      	mov	ip, r2
1000052a:	191b      	adds	r3, r3, r4
1000052c:	00db      	lsls	r3, r3, #3
1000052e:	4463      	add	r3, ip
10000530:	689c      	ldr	r4, [r3, #8]
10000532:	68dd      	ldr	r5, [r3, #12]
10000534:	1c63      	adds	r3, r4, #1
10000536:	d100      	bne.n	1000053a <alarm_pool_irq_handler+0x76>
10000538:	e10f      	b.n	1000075a <alarm_pool_irq_handler+0x296>
1000053a:	48a2      	ldr	r0, [pc, #648]	; (100007c4 <alarm_pool_irq_handler+0x300>)
1000053c:	9903      	ldr	r1, [sp, #12]
1000053e:	4684      	mov	ip, r0
10000540:	4461      	add	r1, ip
10000542:	6a82      	ldr	r2, [r0, #40]	; 0x28
10000544:	690b      	ldr	r3, [r1, #16]
10000546:	1aa6      	subs	r6, r4, r2
10000548:	1a9b      	subs	r3, r3, r2
1000054a:	429e      	cmp	r6, r3
1000054c:	d315      	bcc.n	1000057a <alarm_pool_irq_handler+0xb6>
1000054e:	464a      	mov	r2, r9
10000550:	6a03      	ldr	r3, [r0, #32]
10000552:	421a      	tst	r2, r3
10000554:	d011      	beq.n	1000057a <alarm_pool_irq_handler+0xb6>
10000556:	489b      	ldr	r0, [pc, #620]	; (100007c4 <alarm_pool_irq_handler+0x300>)
10000558:	f000 fb56 	bl	10000c08 <timer_time_us_64>
1000055c:	1a24      	subs	r4, r4, r0
1000055e:	418d      	sbcs	r5, r1
10000560:	2d00      	cmp	r5, #0
10000562:	dc02      	bgt.n	1000056a <alarm_pool_irq_handler+0xa6>
10000564:	d1c4      	bne.n	100004f0 <alarm_pool_irq_handler+0x2c>
10000566:	2c00      	cmp	r4, #0
10000568:	d0c2      	beq.n	100004f0 <alarm_pool_irq_handler+0x2c>
1000056a:	bf40      	sev
1000056c:	b005      	add	sp, #20
1000056e:	bcf0      	pop	{r4, r5, r6, r7}
10000570:	46bb      	mov	fp, r7
10000572:	46b2      	mov	sl, r6
10000574:	46a9      	mov	r9, r5
10000576:	46a0      	mov	r8, r4
10000578:	bdf0      	pop	{r4, r5, r6, r7, pc}
1000057a:	610c      	str	r4, [r1, #16]
1000057c:	e7eb      	b.n	10000556 <alarm_pool_irq_handler+0x92>
1000057e:	4642      	mov	r2, r8
10000580:	6952      	ldr	r2, [r2, #20]
10000582:	005b      	lsls	r3, r3, #1
10000584:	4693      	mov	fp, r2
10000586:	4453      	add	r3, sl
10000588:	00db      	lsls	r3, r3, #3
1000058a:	449b      	add	fp, r3
1000058c:	465b      	mov	r3, fp
1000058e:	689e      	ldr	r6, [r3, #8]
10000590:	68df      	ldr	r7, [r3, #12]
10000592:	f000 fb39 	bl	10000c08 <timer_time_us_64>
10000596:	1b80      	subs	r0, r0, r6
10000598:	41b9      	sbcs	r1, r7
1000059a:	2900      	cmp	r1, #0
1000059c:	dbb1      	blt.n	10000502 <alarm_pool_irq_handler+0x3e>
1000059e:	2f00      	cmp	r7, #0
100005a0:	da00      	bge.n	100005a4 <alarm_pool_irq_handler+0xe0>
100005a2:	e0e5      	b.n	10000770 <alarm_pool_irq_handler+0x2ac>
100005a4:	465b      	mov	r3, fp
100005a6:	4a88      	ldr	r2, [pc, #544]	; (100007c8 <alarm_pool_irq_handler+0x304>)
100005a8:	691b      	ldr	r3, [r3, #16]
100005aa:	4293      	cmp	r3, r2
100005ac:	d100      	bne.n	100005b0 <alarm_pool_irq_handler+0xec>
100005ae:	e0d8      	b.n	10000762 <alarm_pool_irq_handler+0x29e>
100005b0:	4641      	mov	r1, r8
100005b2:	465a      	mov	r2, fp
100005b4:	2008      	movs	r0, #8
100005b6:	5e08      	ldrsh	r0, [r1, r0]
100005b8:	8852      	ldrh	r2, [r2, #2]
100005ba:	0400      	lsls	r0, r0, #16
100005bc:	4310      	orrs	r0, r2
100005be:	465a      	mov	r2, fp
100005c0:	6951      	ldr	r1, [r2, #20]
100005c2:	4798      	blx	r3
100005c4:	0004      	movs	r4, r0
100005c6:	000d      	movs	r5, r1
100005c8:	0023      	movs	r3, r4
100005ca:	432b      	orrs	r3, r5
100005cc:	d100      	bne.n	100005d0 <alarm_pool_irq_handler+0x10c>
100005ce:	e0cf      	b.n	10000770 <alarm_pool_irq_handler+0x2ac>
100005d0:	2d00      	cmp	r5, #0
100005d2:	db00      	blt.n	100005d6 <alarm_pool_irq_handler+0x112>
100005d4:	e0e8      	b.n	100007a8 <alarm_pool_irq_handler+0x2e4>
100005d6:	1b36      	subs	r6, r6, r4
100005d8:	41af      	sbcs	r7, r5
100005da:	0034      	movs	r4, r6
100005dc:	003d      	movs	r5, r7
100005de:	465b      	mov	r3, fp
100005e0:	609c      	str	r4, [r3, #8]
100005e2:	60dd      	str	r5, [r3, #12]
100005e4:	2100      	movs	r1, #0
100005e6:	5e59      	ldrsh	r1, [r3, r1]
100005e8:	2900      	cmp	r1, #0
100005ea:	da00      	bge.n	100005ee <alarm_pool_irq_handler+0x12a>
100005ec:	e789      	b.n	10000502 <alarm_pool_irq_handler+0x3e>
100005ee:	4643      	mov	r3, r8
100005f0:	695b      	ldr	r3, [r3, #20]
100005f2:	0022      	movs	r2, r4
100005f4:	469c      	mov	ip, r3
100005f6:	002b      	movs	r3, r5
100005f8:	0048      	lsls	r0, r1, #1
100005fa:	1840      	adds	r0, r0, r1
100005fc:	00c0      	lsls	r0, r0, #3
100005fe:	4460      	add	r0, ip
10000600:	6886      	ldr	r6, [r0, #8]
10000602:	68c7      	ldr	r7, [r0, #12]
10000604:	1b92      	subs	r2, r2, r6
10000606:	41bb      	sbcs	r3, r7
10000608:	2b00      	cmp	r3, #0
1000060a:	da00      	bge.n	1000060e <alarm_pool_irq_handler+0x14a>
1000060c:	e779      	b.n	10000502 <alarm_pool_irq_handler+0x3e>
1000060e:	4643      	mov	r3, r8
10000610:	4666      	mov	r6, ip
10000612:	0002      	movs	r2, r0
10000614:	9400      	str	r4, [sp, #0]
10000616:	9501      	str	r5, [sp, #4]
10000618:	8119      	strh	r1, [r3, #8]
1000061a:	e00c      	b.n	10000636 <alarm_pool_irq_handler+0x172>
1000061c:	007b      	lsls	r3, r7, #1
1000061e:	19db      	adds	r3, r3, r7
10000620:	00db      	lsls	r3, r3, #3
10000622:	18f3      	adds	r3, r6, r3
10000624:	9800      	ldr	r0, [sp, #0]
10000626:	9901      	ldr	r1, [sp, #4]
10000628:	689c      	ldr	r4, [r3, #8]
1000062a:	68dd      	ldr	r5, [r3, #12]
1000062c:	1b00      	subs	r0, r0, r4
1000062e:	41a9      	sbcs	r1, r5
10000630:	2900      	cmp	r1, #0
10000632:	db04      	blt.n	1000063e <alarm_pool_irq_handler+0x17a>
10000634:	001a      	movs	r2, r3
10000636:	2300      	movs	r3, #0
10000638:	5ed7      	ldrsh	r7, [r2, r3]
1000063a:	2f00      	cmp	r7, #0
1000063c:	daee      	bge.n	1000061c <alarm_pool_irq_handler+0x158>
1000063e:	465b      	mov	r3, fp
10000640:	801f      	strh	r7, [r3, #0]
10000642:	4653      	mov	r3, sl
10000644:	8013      	strh	r3, [r2, #0]
10000646:	4643      	mov	r3, r8
10000648:	889b      	ldrh	r3, [r3, #4]
1000064a:	b21b      	sxth	r3, r3
1000064c:	2b00      	cmp	r3, #0
1000064e:	da00      	bge.n	10000652 <alarm_pool_irq_handler+0x18e>
10000650:	e75d      	b.n	1000050e <alarm_pool_irq_handler+0x4a>
10000652:	4643      	mov	r3, r8
10000654:	691a      	ldr	r2, [r3, #16]
10000656:	f3ef 8110 	mrs	r1, PRIMASK
1000065a:	b672      	cpsid	i
1000065c:	6813      	ldr	r3, [r2, #0]
1000065e:	2b00      	cmp	r3, #0
10000660:	d0fc      	beq.n	1000065c <alarm_pool_irq_handler+0x198>
10000662:	f3bf 8f5f 	dmb	sy
10000666:	4643      	mov	r3, r8
10000668:	889b      	ldrh	r3, [r3, #4]
1000066a:	4642      	mov	r2, r8
1000066c:	b21b      	sxth	r3, r3
1000066e:	469a      	mov	sl, r3
10000670:	2301      	movs	r3, #1
10000672:	425b      	negs	r3, r3
10000674:	8093      	strh	r3, [r2, #4]
10000676:	6913      	ldr	r3, [r2, #16]
10000678:	f3bf 8f5f 	dmb	sy
1000067c:	2200      	movs	r2, #0
1000067e:	601a      	str	r2, [r3, #0]
10000680:	f381 8810 	msr	PRIMASK, r1
10000684:	4653      	mov	r3, sl
10000686:	2b00      	cmp	r3, #0
10000688:	da00      	bge.n	1000068c <alarm_pool_irq_handler+0x1c8>
1000068a:	e740      	b.n	1000050e <alarm_pool_irq_handler+0x4a>
1000068c:	4643      	mov	r3, r8
1000068e:	695b      	ldr	r3, [r3, #20]
10000690:	469c      	mov	ip, r3
10000692:	2308      	movs	r3, #8
10000694:	4443      	add	r3, r8
10000696:	469b      	mov	fp, r3
10000698:	4653      	mov	r3, sl
1000069a:	005f      	lsls	r7, r3, #1
1000069c:	4643      	mov	r3, r8
1000069e:	4457      	add	r7, sl
100006a0:	00ff      	lsls	r7, r7, #3
100006a2:	2208      	movs	r2, #8
100006a4:	5e9a      	ldrsh	r2, [r3, r2]
100006a6:	4467      	add	r7, ip
100006a8:	465e      	mov	r6, fp
100006aa:	68bc      	ldr	r4, [r7, #8]
100006ac:	68fd      	ldr	r5, [r7, #12]
100006ae:	2a00      	cmp	r2, #0
100006b0:	db19      	blt.n	100006e6 <alarm_pool_irq_handler+0x222>
100006b2:	003b      	movs	r3, r7
100006b4:	9400      	str	r4, [sp, #0]
100006b6:	9501      	str	r5, [sp, #4]
100006b8:	4667      	mov	r7, ip
100006ba:	469c      	mov	ip, r3
100006bc:	e004      	b.n	100006c8 <alarm_pool_irq_handler+0x204>
100006be:	001e      	movs	r6, r3
100006c0:	2300      	movs	r3, #0
100006c2:	5ef2      	ldrsh	r2, [r6, r3]
100006c4:	2a00      	cmp	r2, #0
100006c6:	db0b      	blt.n	100006e0 <alarm_pool_irq_handler+0x21c>
100006c8:	9800      	ldr	r0, [sp, #0]
100006ca:	9901      	ldr	r1, [sp, #4]
100006cc:	0053      	lsls	r3, r2, #1
100006ce:	189b      	adds	r3, r3, r2
100006d0:	00db      	lsls	r3, r3, #3
100006d2:	18fb      	adds	r3, r7, r3
100006d4:	689c      	ldr	r4, [r3, #8]
100006d6:	68dd      	ldr	r5, [r3, #12]
100006d8:	1b00      	subs	r0, r0, r4
100006da:	41a9      	sbcs	r1, r5
100006dc:	2900      	cmp	r1, #0
100006de:	daee      	bge.n	100006be <alarm_pool_irq_handler+0x1fa>
100006e0:	4663      	mov	r3, ip
100006e2:	46bc      	mov	ip, r7
100006e4:	001f      	movs	r7, r3
100006e6:	4653      	mov	r3, sl
100006e8:	8033      	strh	r3, [r6, #0]
100006ea:	2100      	movs	r1, #0
100006ec:	5e7b      	ldrsh	r3, [r7, r1]
100006ee:	803a      	strh	r2, [r7, #0]
100006f0:	469a      	mov	sl, r3
100006f2:	2b00      	cmp	r3, #0
100006f4:	dad0      	bge.n	10000698 <alarm_pool_irq_handler+0x1d4>
100006f6:	4643      	mov	r3, r8
100006f8:	799b      	ldrb	r3, [r3, #6]
100006fa:	2b00      	cmp	r3, #0
100006fc:	d100      	bne.n	10000700 <alarm_pool_irq_handler+0x23c>
100006fe:	e70b      	b.n	10000518 <alarm_pool_irq_handler+0x54>
10000700:	2300      	movs	r3, #0
10000702:	4642      	mov	r2, r8
10000704:	7193      	strb	r3, [r2, #6]
10000706:	4643      	mov	r3, r8
10000708:	4646      	mov	r6, r8
1000070a:	2108      	movs	r1, #8
1000070c:	5e59      	ldrsh	r1, [r3, r1]
1000070e:	3608      	adds	r6, #8
10000710:	1c4b      	adds	r3, r1, #1
10000712:	d100      	bne.n	10000716 <alarm_pool_irq_handler+0x252>
10000714:	e729      	b.n	1000056a <alarm_pool_irq_handler+0xa6>
10000716:	4647      	mov	r7, r8
10000718:	468c      	mov	ip, r1
1000071a:	6955      	ldr	r5, [r2, #20]
1000071c:	e002      	b.n	10000724 <alarm_pool_irq_handler+0x260>
1000071e:	0006      	movs	r6, r0
10000720:	1c4b      	adds	r3, r1, #1
10000722:	d017      	beq.n	10000754 <alarm_pool_irq_handler+0x290>
10000724:	004b      	lsls	r3, r1, #1
10000726:	185b      	adds	r3, r3, r1
10000728:	00db      	lsls	r3, r3, #3
1000072a:	18e8      	adds	r0, r5, r3
1000072c:	000a      	movs	r2, r1
1000072e:	5ee9      	ldrsh	r1, [r5, r3]
10000730:	8843      	ldrh	r3, [r0, #2]
10000732:	b21b      	sxth	r3, r3
10000734:	2b00      	cmp	r3, #0
10000736:	daf2      	bge.n	1000071e <alarm_pool_irq_handler+0x25a>
10000738:	2301      	movs	r3, #1
1000073a:	425b      	negs	r3, r3
1000073c:	17dc      	asrs	r4, r3, #31
1000073e:	6083      	str	r3, [r0, #8]
10000740:	60c4      	str	r4, [r0, #12]
10000742:	4562      	cmp	r2, ip
10000744:	d0ec      	beq.n	10000720 <alarm_pool_irq_handler+0x25c>
10000746:	8031      	strh	r1, [r6, #0]
10000748:	893b      	ldrh	r3, [r7, #8]
1000074a:	4694      	mov	ip, r2
1000074c:	8003      	strh	r3, [r0, #0]
1000074e:	813a      	strh	r2, [r7, #8]
10000750:	1c4b      	adds	r3, r1, #1
10000752:	d1e7      	bne.n	10000724 <alarm_pool_irq_handler+0x260>
10000754:	46b8      	mov	r8, r7
10000756:	4664      	mov	r4, ip
10000758:	e6e1      	b.n	1000051e <alarm_pool_irq_handler+0x5a>
1000075a:	1c6b      	adds	r3, r5, #1
1000075c:	d000      	beq.n	10000760 <alarm_pool_irq_handler+0x29c>
1000075e:	e6ec      	b.n	1000053a <alarm_pool_irq_handler+0x76>
10000760:	e6f9      	b.n	10000556 <alarm_pool_irq_handler+0x92>
10000762:	465b      	mov	r3, fp
10000764:	695c      	ldr	r4, [r3, #20]
10000766:	0020      	movs	r0, r4
10000768:	6923      	ldr	r3, [r4, #16]
1000076a:	4798      	blx	r3
1000076c:	2800      	cmp	r0, #0
1000076e:	d121      	bne.n	100007b4 <alarm_pool_irq_handler+0x2f0>
10000770:	465b      	mov	r3, fp
10000772:	4642      	mov	r2, r8
10000774:	881b      	ldrh	r3, [r3, #0]
10000776:	8113      	strh	r3, [r2, #8]
10000778:	6912      	ldr	r2, [r2, #16]
1000077a:	f3ef 8310 	mrs	r3, PRIMASK
1000077e:	b672      	cpsid	i
10000780:	6811      	ldr	r1, [r2, #0]
10000782:	2900      	cmp	r1, #0
10000784:	d0fc      	beq.n	10000780 <alarm_pool_irq_handler+0x2bc>
10000786:	f3bf 8f5f 	dmb	sy
1000078a:	4642      	mov	r2, r8
1000078c:	4659      	mov	r1, fp
1000078e:	8852      	ldrh	r2, [r2, #2]
10000790:	800a      	strh	r2, [r1, #0]
10000792:	4642      	mov	r2, r8
10000794:	4651      	mov	r1, sl
10000796:	8051      	strh	r1, [r2, #2]
10000798:	6912      	ldr	r2, [r2, #16]
1000079a:	f3bf 8f5f 	dmb	sy
1000079e:	2100      	movs	r1, #0
100007a0:	6011      	str	r1, [r2, #0]
100007a2:	f383 8810 	msr	PRIMASK, r3
100007a6:	e6ac      	b.n	10000502 <alarm_pool_irq_handler+0x3e>
100007a8:	4806      	ldr	r0, [pc, #24]	; (100007c4 <alarm_pool_irq_handler+0x300>)
100007aa:	f000 fa2d 	bl	10000c08 <timer_time_us_64>
100007ae:	1824      	adds	r4, r4, r0
100007b0:	414d      	adcs	r5, r1
100007b2:	e714      	b.n	100005de <alarm_pool_irq_handler+0x11a>
100007b4:	6865      	ldr	r5, [r4, #4]
100007b6:	6824      	ldr	r4, [r4, #0]
100007b8:	e706      	b.n	100005c8 <alarm_pool_irq_handler+0x104>
100007ba:	46c0      	nop			; (mov r8, r8)
100007bc:	200005f0 	.word	0x200005f0
100007c0:	4005703c 	.word	0x4005703c
100007c4:	40054000 	.word	0x40054000
100007c8:	100004c5 	.word	0x100004c5

100007cc <runtime_init_default_alarm_pool>:
100007cc:	b570      	push	{r4, r5, r6, lr}
100007ce:	4c2e      	ldr	r4, [pc, #184]	; (10000888 <runtime_init_default_alarm_pool+0xbc>)
100007d0:	6925      	ldr	r5, [r4, #16]
100007d2:	2d00      	cmp	r5, #0
100007d4:	d004      	beq.n	100007e0 <runtime_init_default_alarm_pool+0x14>
100007d6:	210a      	movs	r1, #10
100007d8:	482c      	ldr	r0, [pc, #176]	; (1000088c <runtime_init_default_alarm_pool+0xc0>)
100007da:	f7ff fe27 	bl	1000042c <lock_init>
100007de:	bd70      	pop	{r4, r5, r6, pc}
100007e0:	4e2b      	ldr	r6, [pc, #172]	; (10000890 <runtime_init_default_alarm_pool+0xc4>)
100007e2:	2103      	movs	r1, #3
100007e4:	0030      	movs	r0, r6
100007e6:	f000 fa05 	bl	10000bf4 <timer_hardware_alarm_claim>
100007ea:	60e6      	str	r6, [r4, #12]
100007ec:	f7ff fdb6 	bl	1000035c <next_striped_spin_lock_num>
100007f0:	4b28      	ldr	r3, [pc, #160]	; (10000894 <runtime_init_default_alarm_pool+0xc8>)
100007f2:	2203      	movs	r2, #3
100007f4:	469c      	mov	ip, r3
100007f6:	23d0      	movs	r3, #208	; 0xd0
100007f8:	7022      	strb	r2, [r4, #0]
100007fa:	061b      	lsls	r3, r3, #24
100007fc:	681b      	ldr	r3, [r3, #0]
100007fe:	2101      	movs	r1, #1
10000800:	7063      	strb	r3, [r4, #1]
10000802:	4b25      	ldr	r3, [pc, #148]	; (10000898 <runtime_init_default_alarm_pool+0xcc>)
10000804:	4460      	add	r0, ip
10000806:	60a3      	str	r3, [r4, #8]
10000808:	230f      	movs	r3, #15
1000080a:	0080      	lsls	r0, r0, #2
1000080c:	6120      	str	r0, [r4, #16]
1000080e:	2002      	movs	r0, #2
10000810:	8063      	strh	r3, [r4, #2]
10000812:	6963      	ldr	r3, [r4, #20]
10000814:	4249      	negs	r1, r1
10000816:	80a1      	strh	r1, [r4, #4]
10000818:	8019      	strh	r1, [r3, #0]
1000081a:	3102      	adds	r1, #2
1000081c:	8619      	strh	r1, [r3, #48]	; 0x30
1000081e:	3147      	adds	r1, #71	; 0x47
10000820:	831d      	strh	r5, [r3, #24]
10000822:	5258      	strh	r0, [r3, r1]
10000824:	3118      	adds	r1, #24
10000826:	525a      	strh	r2, [r3, r1]
10000828:	3275      	adds	r2, #117	; 0x75
1000082a:	395c      	subs	r1, #92	; 0x5c
1000082c:	5299      	strh	r1, [r3, r2]
1000082e:	3218      	adds	r2, #24
10000830:	3101      	adds	r1, #1
10000832:	5299      	strh	r1, [r3, r2]
10000834:	3218      	adds	r2, #24
10000836:	3101      	adds	r1, #1
10000838:	5299      	strh	r1, [r3, r2]
1000083a:	3218      	adds	r2, #24
1000083c:	3101      	adds	r1, #1
1000083e:	5299      	strh	r1, [r3, r2]
10000840:	3508      	adds	r5, #8
10000842:	3218      	adds	r2, #24
10000844:	529d      	strh	r5, [r3, r2]
10000846:	3102      	adds	r1, #2
10000848:	3218      	adds	r2, #24
1000084a:	5299      	strh	r1, [r3, r2]
1000084c:	3218      	adds	r2, #24
1000084e:	3101      	adds	r1, #1
10000850:	5299      	strh	r1, [r3, r2]
10000852:	3218      	adds	r2, #24
10000854:	3101      	adds	r1, #1
10000856:	5299      	strh	r1, [r3, r2]
10000858:	3218      	adds	r2, #24
1000085a:	3101      	adds	r1, #1
1000085c:	5299      	strh	r1, [r3, r2]
1000085e:	3218      	adds	r2, #24
10000860:	3101      	adds	r1, #1
10000862:	5299      	strh	r1, [r3, r2]
10000864:	3218      	adds	r2, #24
10000866:	3101      	adds	r1, #1
10000868:	5299      	strh	r1, [r3, r2]
1000086a:	4b0c      	ldr	r3, [pc, #48]	; (1000089c <runtime_init_default_alarm_pool+0xd0>)
1000086c:	490c      	ldr	r1, [pc, #48]	; (100008a0 <runtime_init_default_alarm_pool+0xd4>)
1000086e:	60dc      	str	r4, [r3, #12]
10000870:	3001      	adds	r0, #1
10000872:	6235      	str	r5, [r6, #32]
10000874:	f7ff fdb0 	bl	100003d8 <irq_set_exclusive_handler>
10000878:	2101      	movs	r1, #1
1000087a:	2003      	movs	r0, #3
1000087c:	f7ff fd9a 	bl	100003b4 <irq_set_enabled>
10000880:	4b08      	ldr	r3, [pc, #32]	; (100008a4 <runtime_init_default_alarm_pool+0xd8>)
10000882:	601d      	str	r5, [r3, #0]
10000884:	e7a7      	b.n	100007d6 <runtime_init_default_alarm_pool+0xa>
10000886:	46c0      	nop			; (mov r8, r8)
10000888:	200001ec 	.word	0x200001ec
1000088c:	20000604 	.word	0x20000604
10000890:	40054000 	.word	0x40054000
10000894:	34000040 	.word	0x34000040
10000898:	0010ffff 	.word	0x0010ffff
1000089c:	200005f0 	.word	0x200005f0
100008a0:	100004c5 	.word	0x100004c5
100008a4:	40056038 	.word	0x40056038

100008a8 <alarm_pool_add_alarm_at_force_in_context>:
100008a8:	b570      	push	{r4, r5, r6, lr}
100008aa:	46c6      	mov	lr, r8
100008ac:	0001      	movs	r1, r0
100008ae:	b500      	push	{lr}
100008b0:	6904      	ldr	r4, [r0, #16]
100008b2:	f3ef 8c10 	mrs	ip, PRIMASK
100008b6:	b672      	cpsid	i
100008b8:	6820      	ldr	r0, [r4, #0]
100008ba:	2800      	cmp	r0, #0
100008bc:	d0fc      	beq.n	100008b8 <alarm_pool_add_alarm_at_force_in_context+0x10>
100008be:	f3bf 8f5f 	dmb	sy
100008c2:	2002      	movs	r0, #2
100008c4:	5e0d      	ldrsh	r5, [r1, r0]
100008c6:	6948      	ldr	r0, [r1, #20]
100008c8:	006c      	lsls	r4, r5, #1
100008ca:	4680      	mov	r8, r0
100008cc:	1964      	adds	r4, r4, r5
100008ce:	00e4      	lsls	r4, r4, #3
100008d0:	4444      	add	r4, r8
100008d2:	2d00      	cmp	r5, #0
100008d4:	db01      	blt.n	100008da <alarm_pool_add_alarm_at_force_in_context+0x32>
100008d6:	8820      	ldrh	r0, [r4, #0]
100008d8:	8048      	strh	r0, [r1, #2]
100008da:	6908      	ldr	r0, [r1, #16]
100008dc:	f3bf 8f5f 	dmb	sy
100008e0:	2600      	movs	r6, #0
100008e2:	6006      	str	r6, [r0, #0]
100008e4:	f38c 8810 	msr	PRIMASK, ip
100008e8:	2d00      	cmp	r5, #0
100008ea:	db30      	blt.n	1000094e <alarm_pool_add_alarm_at_force_in_context+0xa6>
100008ec:	60e3      	str	r3, [r4, #12]
100008ee:	8863      	ldrh	r3, [r4, #2]
100008f0:	9805      	ldr	r0, [sp, #20]
100008f2:	3301      	adds	r3, #1
100008f4:	6120      	str	r0, [r4, #16]
100008f6:	045b      	lsls	r3, r3, #17
100008f8:	9806      	ldr	r0, [sp, #24]
100008fa:	0c5b      	lsrs	r3, r3, #17
100008fc:	60a2      	str	r2, [r4, #8]
100008fe:	6160      	str	r0, [r4, #20]
10000900:	1c1a      	adds	r2, r3, #0
10000902:	2b00      	cmp	r3, #0
10000904:	d021      	beq.n	1000094a <alarm_pool_add_alarm_at_force_in_context+0xa2>
10000906:	b290      	uxth	r0, r2
10000908:	042b      	lsls	r3, r5, #16
1000090a:	8062      	strh	r2, [r4, #2]
1000090c:	4318      	orrs	r0, r3
1000090e:	690a      	ldr	r2, [r1, #16]
10000910:	f3ef 8610 	mrs	r6, PRIMASK
10000914:	b672      	cpsid	i
10000916:	6813      	ldr	r3, [r2, #0]
10000918:	2b00      	cmp	r3, #0
1000091a:	d0fc      	beq.n	10000916 <alarm_pool_add_alarm_at_force_in_context+0x6e>
1000091c:	f3bf 8f5f 	dmb	sy
10000920:	888b      	ldrh	r3, [r1, #4]
10000922:	8023      	strh	r3, [r4, #0]
10000924:	808d      	strh	r5, [r1, #4]
10000926:	690b      	ldr	r3, [r1, #16]
10000928:	f3bf 8f5f 	dmb	sy
1000092c:	2200      	movs	r2, #0
1000092e:	601a      	str	r2, [r3, #0]
10000930:	f386 8810 	msr	PRIMASK, r6
10000934:	780b      	ldrb	r3, [r1, #0]
10000936:	3201      	adds	r2, #1
10000938:	409a      	lsls	r2, r3
1000093a:	68cb      	ldr	r3, [r1, #12]
1000093c:	4905      	ldr	r1, [pc, #20]	; (10000954 <alarm_pool_add_alarm_at_force_in_context+0xac>)
1000093e:	468c      	mov	ip, r1
10000940:	4463      	add	r3, ip
10000942:	601a      	str	r2, [r3, #0]
10000944:	bc40      	pop	{r6}
10000946:	46b0      	mov	r8, r6
10000948:	bd70      	pop	{r4, r5, r6, pc}
1000094a:	2201      	movs	r2, #1
1000094c:	e7db      	b.n	10000906 <alarm_pool_add_alarm_at_force_in_context+0x5e>
1000094e:	2001      	movs	r0, #1
10000950:	4240      	negs	r0, r0
10000952:	e7f7      	b.n	10000944 <alarm_pool_add_alarm_at_force_in_context+0x9c>
10000954:	0000203c 	.word	0x0000203c

10000958 <alarm_pool_cancel_alarm>:
10000958:	b510      	push	{r4, lr}
1000095a:	8943      	ldrh	r3, [r0, #10]
1000095c:	140a      	asrs	r2, r1, #16
1000095e:	4293      	cmp	r3, r2
10000960:	dd33      	ble.n	100009ca <alarm_pool_cancel_alarm+0x72>
10000962:	0053      	lsls	r3, r2, #1
10000964:	189b      	adds	r3, r3, r2
10000966:	6942      	ldr	r2, [r0, #20]
10000968:	00db      	lsls	r3, r3, #3
1000096a:	4694      	mov	ip, r2
1000096c:	6904      	ldr	r4, [r0, #16]
1000096e:	4463      	add	r3, ip
10000970:	f3ef 8c10 	mrs	ip, PRIMASK
10000974:	b672      	cpsid	i
10000976:	6822      	ldr	r2, [r4, #0]
10000978:	2a00      	cmp	r2, #0
1000097a:	d0fc      	beq.n	10000976 <alarm_pool_cancel_alarm+0x1e>
1000097c:	f3bf 8f5f 	dmb	sy
10000980:	885a      	ldrh	r2, [r3, #2]
10000982:	0409      	lsls	r1, r1, #16
10000984:	b294      	uxth	r4, r2
10000986:	0c09      	lsrs	r1, r1, #16
10000988:	428a      	cmp	r2, r1
1000098a:	d008      	beq.n	1000099e <alarm_pool_cancel_alarm+0x46>
1000098c:	6903      	ldr	r3, [r0, #16]
1000098e:	f3bf 8f5f 	dmb	sy
10000992:	2200      	movs	r2, #0
10000994:	601a      	str	r2, [r3, #0]
10000996:	f38c 8810 	msr	PRIMASK, ip
1000099a:	2000      	movs	r0, #0
1000099c:	bd10      	pop	{r4, pc}
1000099e:	2280      	movs	r2, #128	; 0x80
100009a0:	0212      	lsls	r2, r2, #8
100009a2:	4314      	orrs	r4, r2
100009a4:	805c      	strh	r4, [r3, #2]
100009a6:	2301      	movs	r3, #1
100009a8:	6902      	ldr	r2, [r0, #16]
100009aa:	7183      	strb	r3, [r0, #6]
100009ac:	f3bf 8f5f 	dmb	sy
100009b0:	2100      	movs	r1, #0
100009b2:	6011      	str	r1, [r2, #0]
100009b4:	f38c 8810 	msr	PRIMASK, ip
100009b8:	4905      	ldr	r1, [pc, #20]	; (100009d0 <alarm_pool_cancel_alarm+0x78>)
100009ba:	7802      	ldrb	r2, [r0, #0]
100009bc:	468c      	mov	ip, r1
100009be:	4093      	lsls	r3, r2
100009c0:	68c2      	ldr	r2, [r0, #12]
100009c2:	2001      	movs	r0, #1
100009c4:	4462      	add	r2, ip
100009c6:	6013      	str	r3, [r2, #0]
100009c8:	e7e8      	b.n	1000099c <alarm_pool_cancel_alarm+0x44>
100009ca:	2000      	movs	r0, #0
100009cc:	e7e6      	b.n	1000099c <alarm_pool_cancel_alarm+0x44>
100009ce:	46c0      	nop			; (mov r8, r8)
100009d0:	0000203c 	.word	0x0000203c

100009d4 <sleep_until>:
100009d4:	b5f0      	push	{r4, r5, r6, r7, lr}
100009d6:	0004      	movs	r4, r0
100009d8:	000d      	movs	r5, r1
100009da:	2606      	movs	r6, #6
100009dc:	4276      	negs	r6, r6
100009de:	17f7      	asrs	r7, r6, #31
100009e0:	46c6      	mov	lr, r8
100009e2:	1936      	adds	r6, r6, r4
100009e4:	416f      	adcs	r7, r5
100009e6:	b500      	push	{lr}
100009e8:	b082      	sub	sp, #8
100009ea:	428f      	cmp	r7, r1
100009ec:	d814      	bhi.n	10000a18 <sleep_until+0x44>
100009ee:	d011      	beq.n	10000a14 <sleep_until+0x40>
100009f0:	f000 f912 	bl	10000c18 <time_us_64>
100009f4:	0032      	movs	r2, r6
100009f6:	003b      	movs	r3, r7
100009f8:	1a12      	subs	r2, r2, r0
100009fa:	418b      	sbcs	r3, r1
100009fc:	2b00      	cmp	r3, #0
100009fe:	dc15      	bgt.n	10000a2c <sleep_until+0x58>
10000a00:	2b00      	cmp	r3, #0
10000a02:	d044      	beq.n	10000a8e <sleep_until+0xba>
10000a04:	0020      	movs	r0, r4
10000a06:	0029      	movs	r1, r5
10000a08:	f000 f910 	bl	10000c2c <busy_wait_until>
10000a0c:	b002      	add	sp, #8
10000a0e:	bc80      	pop	{r7}
10000a10:	46b8      	mov	r8, r7
10000a12:	bdf0      	pop	{r4, r5, r6, r7, pc}
10000a14:	4286      	cmp	r6, r0
10000a16:	d9eb      	bls.n	100009f0 <sleep_until+0x1c>
10000a18:	2600      	movs	r6, #0
10000a1a:	2700      	movs	r7, #0
10000a1c:	f000 f8fc 	bl	10000c18 <time_us_64>
10000a20:	0032      	movs	r2, r6
10000a22:	003b      	movs	r3, r7
10000a24:	1a12      	subs	r2, r2, r0
10000a26:	418b      	sbcs	r3, r1
10000a28:	2b00      	cmp	r3, #0
10000a2a:	dde9      	ble.n	10000a00 <sleep_until+0x2c>
10000a2c:	f000 f8f4 	bl	10000c18 <time_us_64>
10000a30:	0032      	movs	r2, r6
10000a32:	003b      	movs	r3, r7
10000a34:	1a12      	subs	r2, r2, r0
10000a36:	418b      	sbcs	r3, r1
10000a38:	2b00      	cmp	r3, #0
10000a3a:	db0a      	blt.n	10000a52 <sleep_until+0x7e>
10000a3c:	2300      	movs	r3, #0
10000a3e:	9301      	str	r3, [sp, #4]
10000a40:	4b14      	ldr	r3, [pc, #80]	; (10000a94 <sleep_until+0xc0>)
10000a42:	0032      	movs	r2, r6
10000a44:	9300      	str	r3, [sp, #0]
10000a46:	4814      	ldr	r0, [pc, #80]	; (10000a98 <sleep_until+0xc4>)
10000a48:	003b      	movs	r3, r7
10000a4a:	f7ff ff2d 	bl	100008a8 <alarm_pool_add_alarm_at_force_in_context>
10000a4e:	2800      	cmp	r0, #0
10000a50:	dbd8      	blt.n	10000a04 <sleep_until+0x30>
10000a52:	46b0      	mov	r8, r6
10000a54:	2600      	movs	r6, #0
10000a56:	46bc      	mov	ip, r7
10000a58:	4a10      	ldr	r2, [pc, #64]	; (10000a9c <sleep_until+0xc8>)
10000a5a:	4f11      	ldr	r7, [pc, #68]	; (10000aa0 <sleep_until+0xcc>)
10000a5c:	6a7b      	ldr	r3, [r7, #36]	; 0x24
10000a5e:	459c      	cmp	ip, r3
10000a60:	d804      	bhi.n	10000a6c <sleep_until+0x98>
10000a62:	6ab9      	ldr	r1, [r7, #40]	; 0x28
10000a64:	4588      	cmp	r8, r1
10000a66:	d9cd      	bls.n	10000a04 <sleep_until+0x30>
10000a68:	459c      	cmp	ip, r3
10000a6a:	d1cb      	bne.n	10000a04 <sleep_until+0x30>
10000a6c:	6811      	ldr	r1, [r2, #0]
10000a6e:	f3ef 8010 	mrs	r0, PRIMASK
10000a72:	b672      	cpsid	i
10000a74:	680b      	ldr	r3, [r1, #0]
10000a76:	2b00      	cmp	r3, #0
10000a78:	d0fc      	beq.n	10000a74 <sleep_until+0xa0>
10000a7a:	f3bf 8f5f 	dmb	sy
10000a7e:	6813      	ldr	r3, [r2, #0]
10000a80:	f3bf 8f5f 	dmb	sy
10000a84:	601e      	str	r6, [r3, #0]
10000a86:	f380 8810 	msr	PRIMASK, r0
10000a8a:	bf20      	wfe
10000a8c:	e7e6      	b.n	10000a5c <sleep_until+0x88>
10000a8e:	2a00      	cmp	r2, #0
10000a90:	d0b8      	beq.n	10000a04 <sleep_until+0x30>
10000a92:	e7cb      	b.n	10000a2c <sleep_until+0x58>
10000a94:	10000495 	.word	0x10000495
10000a98:	200001ec 	.word	0x200001ec
10000a9c:	20000604 	.word	0x20000604
10000aa0:	40054000 	.word	0x40054000

10000aa4 <sleep_ms>:
10000aa4:	b570      	push	{r4, r5, r6, lr}
10000aa6:	0006      	movs	r6, r0
10000aa8:	f000 f8b6 	bl	10000c18 <time_us_64>
10000aac:	22fa      	movs	r2, #250	; 0xfa
10000aae:	0004      	movs	r4, r0
10000ab0:	000d      	movs	r5, r1
10000ab2:	2300      	movs	r3, #0
10000ab4:	0030      	movs	r0, r6
10000ab6:	2100      	movs	r1, #0
10000ab8:	0092      	lsls	r2, r2, #2
10000aba:	f000 fc11 	bl	100012e0 <__wrap___aeabi_lmul>
10000abe:	1900      	adds	r0, r0, r4
10000ac0:	4169      	adcs	r1, r5
10000ac2:	2900      	cmp	r1, #0
10000ac4:	db02      	blt.n	10000acc <sleep_ms+0x28>
10000ac6:	f7ff ff85 	bl	100009d4 <sleep_until>
10000aca:	bd70      	pop	{r4, r5, r6, pc}
10000acc:	2001      	movs	r0, #1
10000ace:	4901      	ldr	r1, [pc, #4]	; (10000ad4 <sleep_ms+0x30>)
10000ad0:	4240      	negs	r0, r0
10000ad2:	e7f8      	b.n	10000ac6 <sleep_ms+0x22>
10000ad4:	7fffffff 	.word	0x7fffffff

10000ad8 <best_effort_wfe_or_timeout>:
10000ad8:	b5f0      	push	{r4, r5, r6, r7, lr}
10000ada:	46d6      	mov	lr, sl
10000adc:	464f      	mov	r7, r9
10000ade:	4646      	mov	r6, r8
10000ae0:	b5c0      	push	{r6, r7, lr}
10000ae2:	0004      	movs	r4, r0
10000ae4:	000d      	movs	r5, r1
10000ae6:	b082      	sub	sp, #8
10000ae8:	f3ef 8305 	mrs	r3, IPSR
10000aec:	2b00      	cmp	r3, #0
10000aee:	d130      	bne.n	10000b52 <best_effort_wfe_or_timeout+0x7a>
10000af0:	4b3c      	ldr	r3, [pc, #240]	; (10000be4 <best_effort_wfe_or_timeout+0x10c>)
10000af2:	469a      	mov	sl, r3
10000af4:	681b      	ldr	r3, [r3, #0]
10000af6:	4283      	cmp	r3, r0
10000af8:	d026      	beq.n	10000b48 <best_effort_wfe_or_timeout+0x70>
10000afa:	4b3b      	ldr	r3, [pc, #236]	; (10000be8 <best_effort_wfe_or_timeout+0x110>)
10000afc:	002f      	movs	r7, r5
10000afe:	4698      	mov	r8, r3
10000b00:	68db      	ldr	r3, [r3, #12]
10000b02:	4699      	mov	r9, r3
10000b04:	4643      	mov	r3, r8
10000b06:	4648      	mov	r0, r9
10000b08:	781e      	ldrb	r6, [r3, #0]
10000b0a:	f000 f87d 	bl	10000c08 <timer_time_us_64>
10000b0e:	000b      	movs	r3, r1
10000b10:	4649      	mov	r1, r9
10000b12:	3604      	adds	r6, #4
10000b14:	00b6      	lsls	r6, r6, #2
10000b16:	0002      	movs	r2, r0
10000b18:	5871      	ldr	r1, [r6, r1]
10000b1a:	0026      	movs	r6, r4
10000b1c:	2000      	movs	r0, #0
10000b1e:	1ab6      	subs	r6, r6, r2
10000b20:	419f      	sbcs	r7, r3
10000b22:	1a89      	subs	r1, r1, r2
10000b24:	42b8      	cmp	r0, r7
10000b26:	dc24      	bgt.n	10000b72 <best_effort_wfe_or_timeout+0x9a>
10000b28:	d021      	beq.n	10000b6e <best_effort_wfe_or_timeout+0x96>
10000b2a:	bf20      	wfe
10000b2c:	4a2f      	ldr	r2, [pc, #188]	; (10000bec <best_effort_wfe_or_timeout+0x114>)
10000b2e:	6a53      	ldr	r3, [r2, #36]	; 0x24
10000b30:	42ab      	cmp	r3, r5
10000b32:	d32a      	bcc.n	10000b8a <best_effort_wfe_or_timeout+0xb2>
10000b34:	6a92      	ldr	r2, [r2, #40]	; 0x28
10000b36:	2001      	movs	r0, #1
10000b38:	42a2      	cmp	r2, r4
10000b3a:	d34a      	bcc.n	10000bd2 <best_effort_wfe_or_timeout+0xfa>
10000b3c:	b002      	add	sp, #8
10000b3e:	bce0      	pop	{r5, r6, r7}
10000b40:	46ba      	mov	sl, r7
10000b42:	46b1      	mov	r9, r6
10000b44:	46a8      	mov	r8, r5
10000b46:	bdf0      	pop	{r4, r5, r6, r7, pc}
10000b48:	4653      	mov	r3, sl
10000b4a:	685b      	ldr	r3, [r3, #4]
10000b4c:	428b      	cmp	r3, r1
10000b4e:	d1d4      	bne.n	10000afa <best_effort_wfe_or_timeout+0x22>
10000b50:	e7eb      	b.n	10000b2a <best_effort_wfe_or_timeout+0x52>
10000b52:	4a26      	ldr	r2, [pc, #152]	; (10000bec <best_effort_wfe_or_timeout+0x114>)
10000b54:	2000      	movs	r0, #0
10000b56:	6a53      	ldr	r3, [r2, #36]	; 0x24
10000b58:	428b      	cmp	r3, r1
10000b5a:	d3ef      	bcc.n	10000b3c <best_effort_wfe_or_timeout+0x64>
10000b5c:	6a92      	ldr	r2, [r2, #40]	; 0x28
10000b5e:	3001      	adds	r0, #1
10000b60:	42a2      	cmp	r2, r4
10000b62:	d2eb      	bcs.n	10000b3c <best_effort_wfe_or_timeout+0x64>
10000b64:	1a58      	subs	r0, r3, r1
10000b66:	1e42      	subs	r2, r0, #1
10000b68:	4190      	sbcs	r0, r2
10000b6a:	b2c0      	uxtb	r0, r0
10000b6c:	e7e6      	b.n	10000b3c <best_effort_wfe_or_timeout+0x64>
10000b6e:	42b1      	cmp	r1, r6
10000b70:	d9db      	bls.n	10000b2a <best_effort_wfe_or_timeout+0x52>
10000b72:	f000 f851 	bl	10000c18 <time_us_64>
10000b76:	0022      	movs	r2, r4
10000b78:	002b      	movs	r3, r5
10000b7a:	1a12      	subs	r2, r2, r0
10000b7c:	418b      	sbcs	r3, r1
10000b7e:	2b00      	cmp	r3, #0
10000b80:	da05      	bge.n	10000b8e <best_effort_wfe_or_timeout+0xb6>
10000b82:	4a1a      	ldr	r2, [pc, #104]	; (10000bec <best_effort_wfe_or_timeout+0x114>)
10000b84:	6a53      	ldr	r3, [r2, #36]	; 0x24
10000b86:	42ab      	cmp	r3, r5
10000b88:	d2d4      	bcs.n	10000b34 <best_effort_wfe_or_timeout+0x5c>
10000b8a:	2000      	movs	r0, #0
10000b8c:	e7d6      	b.n	10000b3c <best_effort_wfe_or_timeout+0x64>
10000b8e:	2300      	movs	r3, #0
10000b90:	9301      	str	r3, [sp, #4]
10000b92:	4b17      	ldr	r3, [pc, #92]	; (10000bf0 <best_effort_wfe_or_timeout+0x118>)
10000b94:	0022      	movs	r2, r4
10000b96:	9300      	str	r3, [sp, #0]
10000b98:	4640      	mov	r0, r8
10000b9a:	002b      	movs	r3, r5
10000b9c:	f7ff fe84 	bl	100008a8 <alarm_pool_add_alarm_at_force_in_context>
10000ba0:	1e01      	subs	r1, r0, #0
10000ba2:	ddee      	ble.n	10000b82 <best_effort_wfe_or_timeout+0xaa>
10000ba4:	4653      	mov	r3, sl
10000ba6:	601c      	str	r4, [r3, #0]
10000ba8:	605d      	str	r5, [r3, #4]
10000baa:	4b10      	ldr	r3, [pc, #64]	; (10000bec <best_effort_wfe_or_timeout+0x114>)
10000bac:	002e      	movs	r6, r5
10000bae:	6a5a      	ldr	r2, [r3, #36]	; 0x24
10000bb0:	4295      	cmp	r5, r2
10000bb2:	d815      	bhi.n	10000be0 <best_effort_wfe_or_timeout+0x108>
10000bb4:	6a9b      	ldr	r3, [r3, #40]	; 0x28
10000bb6:	42a3      	cmp	r3, r4
10000bb8:	d310      	bcc.n	10000bdc <best_effort_wfe_or_timeout+0x104>
10000bba:	4640      	mov	r0, r8
10000bbc:	f7ff fecc 	bl	10000958 <alarm_pool_cancel_alarm>
10000bc0:	4a0a      	ldr	r2, [pc, #40]	; (10000bec <best_effort_wfe_or_timeout+0x114>)
10000bc2:	2000      	movs	r0, #0
10000bc4:	6a53      	ldr	r3, [r2, #36]	; 0x24
10000bc6:	429e      	cmp	r6, r3
10000bc8:	d8b8      	bhi.n	10000b3c <best_effort_wfe_or_timeout+0x64>
10000bca:	6a92      	ldr	r2, [r2, #40]	; 0x28
10000bcc:	3001      	adds	r0, #1
10000bce:	42a2      	cmp	r2, r4
10000bd0:	d2b4      	bcs.n	10000b3c <best_effort_wfe_or_timeout+0x64>
10000bd2:	1ae8      	subs	r0, r5, r3
10000bd4:	1e42      	subs	r2, r0, #1
10000bd6:	4190      	sbcs	r0, r2
10000bd8:	b2c0      	uxtb	r0, r0
10000bda:	e7af      	b.n	10000b3c <best_effort_wfe_or_timeout+0x64>
10000bdc:	4295      	cmp	r5, r2
10000bde:	d1ec      	bne.n	10000bba <best_effort_wfe_or_timeout+0xe2>
10000be0:	bf20      	wfe
10000be2:	e7ea      	b.n	10000bba <best_effort_wfe_or_timeout+0xe2>
10000be4:	20000208 	.word	0x20000208
10000be8:	200001ec 	.word	0x200001ec
10000bec:	40054000 	.word	0x40054000
10000bf0:	10000495 	.word	0x10000495

10000bf4 <timer_hardware_alarm_claim>:
10000bf4:	b510      	push	{r4, lr}
10000bf6:	4a02      	ldr	r2, [pc, #8]	; (10000c00 <timer_hardware_alarm_claim+0xc>)
10000bf8:	4802      	ldr	r0, [pc, #8]	; (10000c04 <timer_hardware_alarm_claim+0x10>)
10000bfa:	f7ff fb8d 	bl	10000318 <hw_claim_or_assert>
10000bfe:	bd10      	pop	{r4, pc}
10000c00:	100017ac 	.word	0x100017ac
10000c04:	200005b8 	.word	0x200005b8

10000c08 <timer_time_us_64>:
10000c08:	0003      	movs	r3, r0
10000c0a:	6a41      	ldr	r1, [r0, #36]	; 0x24
10000c0c:	000a      	movs	r2, r1
10000c0e:	6a98      	ldr	r0, [r3, #40]	; 0x28
10000c10:	6a59      	ldr	r1, [r3, #36]	; 0x24
10000c12:	428a      	cmp	r2, r1
10000c14:	d1fa      	bne.n	10000c0c <timer_time_us_64+0x4>
10000c16:	4770      	bx	lr

10000c18 <time_us_64>:
10000c18:	4b03      	ldr	r3, [pc, #12]	; (10000c28 <time_us_64+0x10>)
10000c1a:	6a59      	ldr	r1, [r3, #36]	; 0x24
10000c1c:	000a      	movs	r2, r1
10000c1e:	6a98      	ldr	r0, [r3, #40]	; 0x28
10000c20:	6a59      	ldr	r1, [r3, #36]	; 0x24
10000c22:	4291      	cmp	r1, r2
10000c24:	d1fa      	bne.n	10000c1c <time_us_64+0x4>
10000c26:	4770      	bx	lr
10000c28:	40054000 	.word	0x40054000

10000c2c <busy_wait_until>:
10000c2c:	4a06      	ldr	r2, [pc, #24]	; (10000c48 <busy_wait_until+0x1c>)
10000c2e:	6a53      	ldr	r3, [r2, #36]	; 0x24
10000c30:	4299      	cmp	r1, r3
10000c32:	d8fc      	bhi.n	10000c2e <busy_wait_until+0x2>
10000c34:	d107      	bne.n	10000c46 <busy_wait_until+0x1a>
10000c36:	4b04      	ldr	r3, [pc, #16]	; (10000c48 <busy_wait_until+0x1c>)
10000c38:	e002      	b.n	10000c40 <busy_wait_until+0x14>
10000c3a:	6a5a      	ldr	r2, [r3, #36]	; 0x24
10000c3c:	4291      	cmp	r1, r2
10000c3e:	d102      	bne.n	10000c46 <busy_wait_until+0x1a>
10000c40:	6a9a      	ldr	r2, [r3, #40]	; 0x28
10000c42:	4282      	cmp	r2, r0
10000c44:	d3f9      	bcc.n	10000c3a <busy_wait_until+0xe>
10000c46:	4770      	bx	lr
10000c48:	40054000 	.word	0x40054000

10000c4c <clock_configure_int_divider>:
10000c4c:	b5f8      	push	{r3, r4, r5, r6, r7, lr}
10000c4e:	46de      	mov	lr, fp
10000c50:	464e      	mov	r6, r9
10000c52:	4657      	mov	r7, sl
10000c54:	4645      	mov	r5, r8
10000c56:	b5e0      	push	{r5, r6, r7, lr}
10000c58:	468b      	mov	fp, r1
10000c5a:	0005      	movs	r5, r0
10000c5c:	990a      	ldr	r1, [sp, #40]	; 0x28
10000c5e:	0018      	movs	r0, r3
10000c60:	0016      	movs	r6, r2
10000c62:	f000 fab1 	bl	100011c8 <__wrap___aeabi_uidiv>
10000c66:	9b0a      	ldr	r3, [sp, #40]	; 0x28
10000c68:	006c      	lsls	r4, r5, #1
10000c6a:	021f      	lsls	r7, r3, #8
10000c6c:	4b32      	ldr	r3, [pc, #200]	; (10000d38 <clock_configure_int_divider+0xec>)
10000c6e:	1964      	adds	r4, r4, r5
10000c70:	469c      	mov	ip, r3
10000c72:	00a4      	lsls	r4, r4, #2
10000c74:	4464      	add	r4, ip
10000c76:	6863      	ldr	r3, [r4, #4]
10000c78:	4681      	mov	r9, r0
10000c7a:	429f      	cmp	r7, r3
10000c7c:	d900      	bls.n	10000c80 <clock_configure_int_divider+0x34>
10000c7e:	6067      	str	r7, [r4, #4]
10000c80:	1f2b      	subs	r3, r5, #4
10000c82:	b2db      	uxtb	r3, r3
10000c84:	4698      	mov	r8, r3
10000c86:	2b01      	cmp	r3, #1
10000c88:	d930      	bls.n	10000cec <clock_configure_int_divider+0xa0>
10000c8a:	23c0      	movs	r3, #192	; 0xc0
10000c8c:	2280      	movs	r2, #128	; 0x80
10000c8e:	019b      	lsls	r3, r3, #6
10000c90:	18e3      	adds	r3, r4, r3
10000c92:	0112      	lsls	r2, r2, #4
10000c94:	601a      	str	r2, [r3, #0]
10000c96:	4b29      	ldr	r3, [pc, #164]	; (10000d3c <clock_configure_int_divider+0xf0>)
10000c98:	00ad      	lsls	r5, r5, #2
10000c9a:	5959      	ldr	r1, [r3, r5]
10000c9c:	469a      	mov	sl, r3
10000c9e:	2900      	cmp	r1, #0
10000ca0:	d11b      	bne.n	10000cda <clock_configure_int_divider+0x8e>
10000ca2:	6822      	ldr	r2, [r4, #0]
10000ca4:	0176      	lsls	r6, r6, #5
10000ca6:	4072      	eors	r2, r6
10000ca8:	26e0      	movs	r6, #224	; 0xe0
10000caa:	2380      	movs	r3, #128	; 0x80
10000cac:	4016      	ands	r6, r2
10000cae:	4642      	mov	r2, r8
10000cb0:	015b      	lsls	r3, r3, #5
10000cb2:	18e3      	adds	r3, r4, r3
10000cb4:	601e      	str	r6, [r3, #0]
10000cb6:	2a01      	cmp	r2, #1
10000cb8:	d930      	bls.n	10000d1c <clock_configure_int_divider+0xd0>
10000cba:	2380      	movs	r3, #128	; 0x80
10000cbc:	2280      	movs	r2, #128	; 0x80
10000cbe:	019b      	lsls	r3, r3, #6
10000cc0:	18e3      	adds	r3, r4, r3
10000cc2:	0112      	lsls	r2, r2, #4
10000cc4:	601a      	str	r2, [r3, #0]
10000cc6:	4653      	mov	r3, sl
10000cc8:	464a      	mov	r2, r9
10000cca:	6067      	str	r7, [r4, #4]
10000ccc:	515a      	str	r2, [r3, r5]
10000cce:	bcf0      	pop	{r4, r5, r6, r7}
10000cd0:	46bb      	mov	fp, r7
10000cd2:	46b2      	mov	sl, r6
10000cd4:	46a9      	mov	r9, r5
10000cd6:	46a0      	mov	r8, r4
10000cd8:	bdf8      	pop	{r3, r4, r5, r6, r7, pc}
10000cda:	6958      	ldr	r0, [r3, #20]
10000cdc:	f000 fa74 	bl	100011c8 <__wrap___aeabi_uidiv>
10000ce0:	1c43      	adds	r3, r0, #1
10000ce2:	0058      	lsls	r0, r3, #1
10000ce4:	18c0      	adds	r0, r0, r3
10000ce6:	3803      	subs	r0, #3
10000ce8:	d2fd      	bcs.n	10000ce6 <clock_configure_int_divider+0x9a>
10000cea:	e7da      	b.n	10000ca2 <clock_configure_int_divider+0x56>
10000cec:	465b      	mov	r3, fp
10000cee:	2b01      	cmp	r3, #1
10000cf0:	d1cb      	bne.n	10000c8a <clock_configure_int_divider+0x3e>
10000cf2:	23c0      	movs	r3, #192	; 0xc0
10000cf4:	2203      	movs	r2, #3
10000cf6:	019b      	lsls	r3, r3, #6
10000cf8:	18e3      	adds	r3, r4, r3
10000cfa:	601a      	str	r2, [r3, #0]
10000cfc:	3a02      	subs	r2, #2
10000cfe:	68a3      	ldr	r3, [r4, #8]
10000d00:	421a      	tst	r2, r3
10000d02:	d0fc      	beq.n	10000cfe <clock_configure_int_divider+0xb2>
10000d04:	23e0      	movs	r3, #224	; 0xe0
10000d06:	6822      	ldr	r2, [r4, #0]
10000d08:	0176      	lsls	r6, r6, #5
10000d0a:	4056      	eors	r6, r2
10000d0c:	401e      	ands	r6, r3
10000d0e:	2380      	movs	r3, #128	; 0x80
10000d10:	4a0a      	ldr	r2, [pc, #40]	; (10000d3c <clock_configure_int_divider+0xf0>)
10000d12:	015b      	lsls	r3, r3, #5
10000d14:	4692      	mov	sl, r2
10000d16:	18e3      	adds	r3, r4, r3
10000d18:	601e      	str	r6, [r3, #0]
10000d1a:	00ad      	lsls	r5, r5, #2
10000d1c:	465a      	mov	r2, fp
10000d1e:	6821      	ldr	r1, [r4, #0]
10000d20:	4051      	eors	r1, r2
10000d22:	2203      	movs	r2, #3
10000d24:	400a      	ands	r2, r1
10000d26:	601a      	str	r2, [r3, #0]
10000d28:	2201      	movs	r2, #1
10000d2a:	465b      	mov	r3, fp
10000d2c:	409a      	lsls	r2, r3
10000d2e:	68a3      	ldr	r3, [r4, #8]
10000d30:	421a      	tst	r2, r3
10000d32:	d0fc      	beq.n	10000d2e <clock_configure_int_divider+0xe2>
10000d34:	e7c1      	b.n	10000cba <clock_configure_int_divider+0x6e>
10000d36:	46c0      	nop			; (mov r8, r8)
10000d38:	40008000 	.word	0x40008000
10000d3c:	200005bc 	.word	0x200005bc

10000d40 <clock_configure_undivided>:
10000d40:	b5f0      	push	{r4, r5, r6, r7, lr}
10000d42:	4646      	mov	r6, r8
10000d44:	464f      	mov	r7, r9
10000d46:	46d6      	mov	lr, sl
10000d48:	b5c0      	push	{r6, r7, lr}
10000d4a:	001f      	movs	r7, r3
10000d4c:	4b34      	ldr	r3, [pc, #208]	; (10000e20 <clock_configure_undivided+0xe0>)
10000d4e:	0044      	lsls	r4, r0, #1
10000d50:	469c      	mov	ip, r3
10000d52:	1824      	adds	r4, r4, r0
10000d54:	00a4      	lsls	r4, r4, #2
10000d56:	4464      	add	r4, ip
10000d58:	6863      	ldr	r3, [r4, #4]
10000d5a:	4688      	mov	r8, r1
10000d5c:	0016      	movs	r6, r2
10000d5e:	2bff      	cmp	r3, #255	; 0xff
10000d60:	d802      	bhi.n	10000d68 <clock_configure_undivided+0x28>
10000d62:	2380      	movs	r3, #128	; 0x80
10000d64:	005b      	lsls	r3, r3, #1
10000d66:	6063      	str	r3, [r4, #4]
10000d68:	1f03      	subs	r3, r0, #4
10000d6a:	b2db      	uxtb	r3, r3
10000d6c:	469a      	mov	sl, r3
10000d6e:	2b01      	cmp	r3, #1
10000d70:	d930      	bls.n	10000dd4 <clock_configure_undivided+0x94>
10000d72:	23c0      	movs	r3, #192	; 0xc0
10000d74:	2280      	movs	r2, #128	; 0x80
10000d76:	019b      	lsls	r3, r3, #6
10000d78:	18e3      	adds	r3, r4, r3
10000d7a:	0112      	lsls	r2, r2, #4
10000d7c:	601a      	str	r2, [r3, #0]
10000d7e:	4b29      	ldr	r3, [pc, #164]	; (10000e24 <clock_configure_undivided+0xe4>)
10000d80:	0085      	lsls	r5, r0, #2
10000d82:	5959      	ldr	r1, [r3, r5]
10000d84:	4699      	mov	r9, r3
10000d86:	2900      	cmp	r1, #0
10000d88:	d11b      	bne.n	10000dc2 <clock_configure_undivided+0x82>
10000d8a:	6822      	ldr	r2, [r4, #0]
10000d8c:	0176      	lsls	r6, r6, #5
10000d8e:	4072      	eors	r2, r6
10000d90:	26e0      	movs	r6, #224	; 0xe0
10000d92:	2380      	movs	r3, #128	; 0x80
10000d94:	4016      	ands	r6, r2
10000d96:	4652      	mov	r2, sl
10000d98:	015b      	lsls	r3, r3, #5
10000d9a:	18e3      	adds	r3, r4, r3
10000d9c:	601e      	str	r6, [r3, #0]
10000d9e:	2a01      	cmp	r2, #1
10000da0:	d930      	bls.n	10000e04 <clock_configure_undivided+0xc4>
10000da2:	2380      	movs	r3, #128	; 0x80
10000da4:	2280      	movs	r2, #128	; 0x80
10000da6:	019b      	lsls	r3, r3, #6
10000da8:	18e3      	adds	r3, r4, r3
10000daa:	0112      	lsls	r2, r2, #4
10000dac:	601a      	str	r2, [r3, #0]
10000dae:	2380      	movs	r3, #128	; 0x80
10000db0:	005b      	lsls	r3, r3, #1
10000db2:	6063      	str	r3, [r4, #4]
10000db4:	464b      	mov	r3, r9
10000db6:	515f      	str	r7, [r3, r5]
10000db8:	bce0      	pop	{r5, r6, r7}
10000dba:	46ba      	mov	sl, r7
10000dbc:	46b1      	mov	r9, r6
10000dbe:	46a8      	mov	r8, r5
10000dc0:	bdf0      	pop	{r4, r5, r6, r7, pc}
10000dc2:	6958      	ldr	r0, [r3, #20]
10000dc4:	f000 fa00 	bl	100011c8 <__wrap___aeabi_uidiv>
10000dc8:	1c43      	adds	r3, r0, #1
10000dca:	0058      	lsls	r0, r3, #1
10000dcc:	18c0      	adds	r0, r0, r3
10000dce:	3803      	subs	r0, #3
10000dd0:	d2fd      	bcs.n	10000dce <clock_configure_undivided+0x8e>
10000dd2:	e7da      	b.n	10000d8a <clock_configure_undivided+0x4a>
10000dd4:	4643      	mov	r3, r8
10000dd6:	2b01      	cmp	r3, #1
10000dd8:	d1cb      	bne.n	10000d72 <clock_configure_undivided+0x32>
10000dda:	23c0      	movs	r3, #192	; 0xc0
10000ddc:	2203      	movs	r2, #3
10000dde:	019b      	lsls	r3, r3, #6
10000de0:	18e3      	adds	r3, r4, r3
10000de2:	601a      	str	r2, [r3, #0]
10000de4:	3a02      	subs	r2, #2
10000de6:	68a3      	ldr	r3, [r4, #8]
10000de8:	421a      	tst	r2, r3
10000dea:	d0fc      	beq.n	10000de6 <clock_configure_undivided+0xa6>
10000dec:	23e0      	movs	r3, #224	; 0xe0
10000dee:	6822      	ldr	r2, [r4, #0]
10000df0:	0176      	lsls	r6, r6, #5
10000df2:	4056      	eors	r6, r2
10000df4:	401e      	ands	r6, r3
10000df6:	2380      	movs	r3, #128	; 0x80
10000df8:	4a0a      	ldr	r2, [pc, #40]	; (10000e24 <clock_configure_undivided+0xe4>)
10000dfa:	015b      	lsls	r3, r3, #5
10000dfc:	4691      	mov	r9, r2
10000dfe:	18e3      	adds	r3, r4, r3
10000e00:	601e      	str	r6, [r3, #0]
10000e02:	0085      	lsls	r5, r0, #2
10000e04:	4642      	mov	r2, r8
10000e06:	6821      	ldr	r1, [r4, #0]
10000e08:	4051      	eors	r1, r2
10000e0a:	2203      	movs	r2, #3
10000e0c:	400a      	ands	r2, r1
10000e0e:	601a      	str	r2, [r3, #0]
10000e10:	2301      	movs	r3, #1
10000e12:	4642      	mov	r2, r8
10000e14:	4093      	lsls	r3, r2
10000e16:	68a2      	ldr	r2, [r4, #8]
10000e18:	4213      	tst	r3, r2
10000e1a:	d0fc      	beq.n	10000e16 <clock_configure_undivided+0xd6>
10000e1c:	e7c1      	b.n	10000da2 <clock_configure_undivided+0x62>
10000e1e:	46c0      	nop			; (mov r8, r8)
10000e20:	40008000 	.word	0x40008000
10000e24:	200005bc 	.word	0x200005bc

10000e28 <clock_get_hz>:
10000e28:	4b01      	ldr	r3, [pc, #4]	; (10000e30 <clock_get_hz+0x8>)
10000e2a:	0080      	lsls	r0, r0, #2
10000e2c:	58c0      	ldr	r0, [r0, r3]
10000e2e:	4770      	bx	lr
10000e30:	200005bc 	.word	0x200005bc

10000e34 <pll_init>:
10000e34:	b5f8      	push	{r3, r4, r5, r6, r7, lr}
10000e36:	0004      	movs	r4, r0
10000e38:	4820      	ldr	r0, [pc, #128]	; (10000ebc <pll_init+0x88>)
10000e3a:	001d      	movs	r5, r3
10000e3c:	0017      	movs	r7, r2
10000e3e:	000e      	movs	r6, r1
10000e40:	f000 f9c2 	bl	100011c8 <__wrap___aeabi_uidiv>
10000e44:	0001      	movs	r1, r0
10000e46:	0038      	movs	r0, r7
10000e48:	f000 f9be 	bl	100011c8 <__wrap___aeabi_uidiv>
10000e4c:	9b06      	ldr	r3, [sp, #24]
10000e4e:	0429      	lsls	r1, r5, #16
10000e50:	031b      	lsls	r3, r3, #12
10000e52:	4319      	orrs	r1, r3
10000e54:	6823      	ldr	r3, [r4, #0]
10000e56:	2b00      	cmp	r3, #0
10000e58:	db1e      	blt.n	10000e98 <pll_init+0x64>
10000e5a:	4b19      	ldr	r3, [pc, #100]	; (10000ec0 <pll_init+0x8c>)
10000e5c:	4d19      	ldr	r5, [pc, #100]	; (10000ec4 <pll_init+0x90>)
10000e5e:	18e2      	adds	r2, r4, r3
10000e60:	4253      	negs	r3, r2
10000e62:	415a      	adcs	r2, r3
10000e64:	2380      	movs	r3, #128	; 0x80
10000e66:	015b      	lsls	r3, r3, #5
10000e68:	469c      	mov	ip, r3
10000e6a:	0312      	lsls	r2, r2, #12
10000e6c:	4b16      	ldr	r3, [pc, #88]	; (10000ec8 <pll_init+0x94>)
10000e6e:	4462      	add	r2, ip
10000e70:	601a      	str	r2, [r3, #0]
10000e72:	4b16      	ldr	r3, [pc, #88]	; (10000ecc <pll_init+0x98>)
10000e74:	601a      	str	r2, [r3, #0]
10000e76:	0017      	movs	r7, r2
10000e78:	682b      	ldr	r3, [r5, #0]
10000e7a:	439f      	bics	r7, r3
10000e7c:	d1fb      	bne.n	10000e76 <pll_init+0x42>
10000e7e:	4b14      	ldr	r3, [pc, #80]	; (10000ed0 <pll_init+0x9c>)
10000e80:	6026      	str	r6, [r4, #0]
10000e82:	18e2      	adds	r2, r4, r3
10000e84:	2321      	movs	r3, #33	; 0x21
10000e86:	60a0      	str	r0, [r4, #8]
10000e88:	6013      	str	r3, [r2, #0]
10000e8a:	6823      	ldr	r3, [r4, #0]
10000e8c:	2b00      	cmp	r3, #0
10000e8e:	dafc      	bge.n	10000e8a <pll_init+0x56>
10000e90:	2308      	movs	r3, #8
10000e92:	60e1      	str	r1, [r4, #12]
10000e94:	6013      	str	r3, [r2, #0]
10000e96:	bdf8      	pop	{r3, r4, r5, r6, r7, pc}
10000e98:	233f      	movs	r3, #63	; 0x3f
10000e9a:	6822      	ldr	r2, [r4, #0]
10000e9c:	4013      	ands	r3, r2
10000e9e:	42b3      	cmp	r3, r6
10000ea0:	d1db      	bne.n	10000e5a <pll_init+0x26>
10000ea2:	68a3      	ldr	r3, [r4, #8]
10000ea4:	051b      	lsls	r3, r3, #20
10000ea6:	0d1b      	lsrs	r3, r3, #20
10000ea8:	4283      	cmp	r3, r0
10000eaa:	d1d6      	bne.n	10000e5a <pll_init+0x26>
10000eac:	22ee      	movs	r2, #238	; 0xee
10000eae:	68e3      	ldr	r3, [r4, #12]
10000eb0:	02d2      	lsls	r2, r2, #11
10000eb2:	4013      	ands	r3, r2
10000eb4:	428b      	cmp	r3, r1
10000eb6:	d1d0      	bne.n	10000e5a <pll_init+0x26>
10000eb8:	e7ed      	b.n	10000e96 <pll_init+0x62>
10000eba:	46c0      	nop			; (mov r8, r8)
10000ebc:	00b71b00 	.word	0x00b71b00
10000ec0:	bffd4000 	.word	0xbffd4000
10000ec4:	4000c008 	.word	0x4000c008
10000ec8:	4000e000 	.word	0x4000e000
10000ecc:	4000f000 	.word	0x4000f000
10000ed0:	00003004 	.word	0x00003004

10000ed4 <tick_start>:
10000ed4:	2380      	movs	r3, #128	; 0x80
10000ed6:	4a02      	ldr	r2, [pc, #8]	; (10000ee0 <tick_start+0xc>)
10000ed8:	009b      	lsls	r3, r3, #2
10000eda:	430b      	orrs	r3, r1
10000edc:	62d3      	str	r3, [r2, #44]	; 0x2c
10000ede:	4770      	bx	lr
10000ee0:	40058000 	.word	0x40058000

10000ee4 <rom_func_lookup>:
10000ee4:	2314      	movs	r3, #20
10000ee6:	b510      	push	{r4, lr}
10000ee8:	0001      	movs	r1, r0
10000eea:	8818      	ldrh	r0, [r3, #0]
10000eec:	3304      	adds	r3, #4
10000eee:	881b      	ldrh	r3, [r3, #0]
10000ef0:	4798      	blx	r3
10000ef2:	bd10      	pop	{r4, pc}

10000ef4 <rom_data_lookup>:
10000ef4:	2316      	movs	r3, #22
10000ef6:	b510      	push	{r4, lr}
10000ef8:	0001      	movs	r1, r0
10000efa:	8818      	ldrh	r0, [r3, #0]
10000efc:	3302      	adds	r3, #2
10000efe:	881b      	ldrh	r3, [r3, #0]
10000f00:	4798      	blx	r3
10000f02:	bd10      	pop	{r4, pc}

10000f04 <rom_funcs_lookup>:
10000f04:	b5f8      	push	{r3, r4, r5, r6, r7, lr}
10000f06:	4647      	mov	r7, r8
10000f08:	46ce      	mov	lr, r9
10000f0a:	b580      	push	{r7, lr}
10000f0c:	1e0f      	subs	r7, r1, #0
10000f0e:	d019      	beq.n	10000f44 <rom_funcs_lookup+0x40>
10000f10:	2314      	movs	r3, #20
10000f12:	4699      	mov	r9, r3
10000f14:	3304      	adds	r3, #4
10000f16:	0004      	movs	r4, r0
10000f18:	2500      	movs	r5, #0
10000f1a:	2601      	movs	r6, #1
10000f1c:	4698      	mov	r8, r3
10000f1e:	464b      	mov	r3, r9
10000f20:	8818      	ldrh	r0, [r3, #0]
10000f22:	4643      	mov	r3, r8
10000f24:	6821      	ldr	r1, [r4, #0]
10000f26:	881b      	ldrh	r3, [r3, #0]
10000f28:	4798      	blx	r3
10000f2a:	c401      	stmia	r4!, {r0}
10000f2c:	1e43      	subs	r3, r0, #1
10000f2e:	4198      	sbcs	r0, r3
10000f30:	3501      	adds	r5, #1
10000f32:	4240      	negs	r0, r0
10000f34:	4006      	ands	r6, r0
10000f36:	42af      	cmp	r7, r5
10000f38:	d1f1      	bne.n	10000f1e <rom_funcs_lookup+0x1a>
10000f3a:	0030      	movs	r0, r6
10000f3c:	bcc0      	pop	{r6, r7}
10000f3e:	46b9      	mov	r9, r7
10000f40:	46b0      	mov	r8, r6
10000f42:	bdf8      	pop	{r3, r4, r5, r6, r7, pc}
10000f44:	2601      	movs	r6, #1
10000f46:	e7f8      	b.n	10000f3a <rom_funcs_lookup+0x36>

10000f48 <xosc_init>:
10000f48:	23aa      	movs	r3, #170	; 0xaa
10000f4a:	4a06      	ldr	r2, [pc, #24]	; (10000f64 <xosc_init+0x1c>)
10000f4c:	011b      	lsls	r3, r3, #4
10000f4e:	6013      	str	r3, [r2, #0]
10000f50:	238d      	movs	r3, #141	; 0x8d
10000f52:	005b      	lsls	r3, r3, #1
10000f54:	60d3      	str	r3, [r2, #12]
10000f56:	4904      	ldr	r1, [pc, #16]	; (10000f68 <xosc_init+0x20>)
10000f58:	4b04      	ldr	r3, [pc, #16]	; (10000f6c <xosc_init+0x24>)
10000f5a:	6019      	str	r1, [r3, #0]
10000f5c:	6853      	ldr	r3, [r2, #4]
10000f5e:	2b00      	cmp	r3, #0
10000f60:	dafc      	bge.n	10000f5c <xosc_init+0x14>
10000f62:	4770      	bx	lr
10000f64:	40024000 	.word	0x40024000
10000f68:	00fab000 	.word	0x00fab000
10000f6c:	40026000 	.word	0x40026000

10000f70 <first_per_core_initializer>:
10000f70:	4770      	bx	lr
10000f72:	46c0      	nop			; (mov r8, r8)

10000f74 <hard_assertion_failure>:
10000f74:	b510      	push	{r4, lr}
10000f76:	4801      	ldr	r0, [pc, #4]	; (10000f7c <hard_assertion_failure+0x8>)
10000f78:	f7ff f9b6 	bl	100002e8 <panic>
10000f7c:	100017d0 	.word	0x100017d0

10000f80 <runtime_run_initializers>:
10000f80:	b570      	push	{r4, r5, r6, lr}
10000f82:	4d07      	ldr	r5, [pc, #28]	; (10000fa0 <runtime_run_initializers+0x20>)
10000f84:	4e07      	ldr	r6, [pc, #28]	; (10000fa4 <runtime_run_initializers+0x24>)
10000f86:	42b5      	cmp	r5, r6
10000f88:	d209      	bcs.n	10000f9e <runtime_run_initializers+0x1e>
10000f8a:	2400      	movs	r4, #0
10000f8c:	3e01      	subs	r6, #1
10000f8e:	1b76      	subs	r6, r6, r5
10000f90:	08b6      	lsrs	r6, r6, #2
10000f92:	cd08      	ldmia	r5!, {r3}
10000f94:	4798      	blx	r3
10000f96:	0023      	movs	r3, r4
10000f98:	3401      	adds	r4, #1
10000f9a:	42b3      	cmp	r3, r6
10000f9c:	d1f9      	bne.n	10000f92 <runtime_run_initializers+0x12>
10000f9e:	bd70      	pop	{r4, r5, r6, pc}
10000fa0:	10001760 	.word	0x10001760
10000fa4:	1000179c 	.word	0x1000179c

10000fa8 <runtime_init_early_resets>:
10000fa8:	4b05      	ldr	r3, [pc, #20]	; (10000fc0 <runtime_init_early_resets+0x18>)
10000faa:	4a06      	ldr	r2, [pc, #24]	; (10000fc4 <runtime_init_early_resets+0x1c>)
10000fac:	4906      	ldr	r1, [pc, #24]	; (10000fc8 <runtime_init_early_resets+0x20>)
10000fae:	601a      	str	r2, [r3, #0]
10000fb0:	4a06      	ldr	r2, [pc, #24]	; (10000fcc <runtime_init_early_resets+0x24>)
10000fb2:	4b07      	ldr	r3, [pc, #28]	; (10000fd0 <runtime_init_early_resets+0x28>)
10000fb4:	601a      	str	r2, [r3, #0]
10000fb6:	0010      	movs	r0, r2
10000fb8:	680b      	ldr	r3, [r1, #0]
10000fba:	4398      	bics	r0, r3
10000fbc:	d1fb      	bne.n	10000fb6 <runtime_init_early_resets+0xe>
10000fbe:	4770      	bx	lr
10000fc0:	4000e000 	.word	0x4000e000
10000fc4:	fefbcdbf 	.word	0xfefbcdbf
10000fc8:	4000c008 	.word	0x4000c008
10000fcc:	003c7ffe 	.word	0x003c7ffe
10000fd0:	4000f000 	.word	0x4000f000

10000fd4 <runtime_init_usb_power_down>:
10000fd4:	4b04      	ldr	r3, [pc, #16]	; (10000fe8 <runtime_init_usb_power_down+0x14>)
10000fd6:	6cdb      	ldr	r3, [r3, #76]	; 0x4c
10000fd8:	2b00      	cmp	r3, #0
10000fda:	d103      	bne.n	10000fe4 <runtime_init_usb_power_down+0x10>
10000fdc:	2280      	movs	r2, #128	; 0x80
10000fde:	4b03      	ldr	r3, [pc, #12]	; (10000fec <runtime_init_usb_power_down+0x18>)
10000fe0:	02d2      	lsls	r2, r2, #11
10000fe2:	601a      	str	r2, [r3, #0]
10000fe4:	4770      	bx	lr
10000fe6:	46c0      	nop			; (mov r8, r8)
10000fe8:	50110000 	.word	0x50110000
10000fec:	5011204c 	.word	0x5011204c

10000ff0 <runtime_init_post_clock_resets>:
10000ff0:	4a04      	ldr	r2, [pc, #16]	; (10001004 <runtime_init_post_clock_resets+0x14>)
10000ff2:	4b05      	ldr	r3, [pc, #20]	; (10001008 <runtime_init_post_clock_resets+0x18>)
10000ff4:	601a      	str	r2, [r3, #0]
10000ff6:	4a05      	ldr	r2, [pc, #20]	; (1000100c <runtime_init_post_clock_resets+0x1c>)
10000ff8:	6813      	ldr	r3, [r2, #0]
10000ffa:	01db      	lsls	r3, r3, #7
10000ffc:	3380      	adds	r3, #128	; 0x80
10000ffe:	d1fb      	bne.n	10000ff8 <runtime_init_post_clock_resets+0x8>
10001000:	4770      	bx	lr
10001002:	46c0      	nop			; (mov r8, r8)
10001004:	01ffffff 	.word	0x01ffffff
10001008:	4000f000 	.word	0x4000f000
1000100c:	4000c008 	.word	0x4000c008

10001010 <runtime_init_rp2040_gpio_ie_disable>:
10001010:	2240      	movs	r2, #64	; 0x40
10001012:	4b03      	ldr	r3, [pc, #12]	; (10001020 <runtime_init_rp2040_gpio_ie_disable+0x10>)
10001014:	679a      	str	r2, [r3, #120]	; 0x78
10001016:	675a      	str	r2, [r3, #116]	; 0x74
10001018:	671a      	str	r2, [r3, #112]	; 0x70
1000101a:	66da      	str	r2, [r3, #108]	; 0x6c
1000101c:	4770      	bx	lr
1000101e:	46c0      	nop			; (mov r8, r8)
10001020:	4001f000 	.word	0x4001f000

10001024 <runtime_init_spin_locks_reset>:
10001024:	b510      	push	{r4, lr}
10001026:	f7ff f9a5 	bl	10000374 <spin_locks_reset>
1000102a:	bd10      	pop	{r4, pc}

1000102c <runtime_init_install_ram_vector_table>:
1000102c:	b5f8      	push	{r3, r4, r5, r6, r7, lr}
1000102e:	4927      	ldr	r1, [pc, #156]	; (100010cc <runtime_init_install_ram_vector_table+0xa0>)
10001030:	4b27      	ldr	r3, [pc, #156]	; (100010d0 <runtime_init_install_ram_vector_table+0xa4>)
10001032:	4d28      	ldr	r5, [pc, #160]	; (100010d4 <runtime_init_install_ram_vector_table+0xa8>)
10001034:	1a5b      	subs	r3, r3, r1
10001036:	089c      	lsrs	r4, r3, #2
10001038:	0022      	movs	r2, r4
1000103a:	2c30      	cmp	r4, #48	; 0x30
1000103c:	d900      	bls.n	10001040 <runtime_init_install_ram_vector_table+0x14>
1000103e:	2230      	movs	r2, #48	; 0x30
10001040:	0028      	movs	r0, r5
10001042:	0092      	lsls	r2, r2, #2
10001044:	f000 f9b6 	bl	100013b4 <__wrap___aeabi_memcpy>
10001048:	2c2f      	cmp	r4, #47	; 0x2f
1000104a:	d83c      	bhi.n	100010c6 <runtime_init_install_ram_vector_table+0x9a>
1000104c:	2030      	movs	r0, #48	; 0x30
1000104e:	212f      	movs	r1, #47	; 0x2f
10001050:	00a7      	lsls	r7, r4, #2
10001052:	19eb      	adds	r3, r5, r7
10001054:	075b      	lsls	r3, r3, #29
10001056:	4a20      	ldr	r2, [pc, #128]	; (100010d8 <runtime_init_install_ram_vector_table+0xac>)
10001058:	1b00      	subs	r0, r0, r4
1000105a:	0fdb      	lsrs	r3, r3, #31
1000105c:	1b09      	subs	r1, r1, r4
1000105e:	2905      	cmp	r1, #5
10001060:	d917      	bls.n	10001092 <runtime_init_install_ram_vector_table+0x66>
10001062:	0026      	movs	r6, r4
10001064:	2b00      	cmp	r3, #0
10001066:	d001      	beq.n	1000106c <runtime_init_install_ram_vector_table+0x40>
10001068:	51ea      	str	r2, [r5, r7]
1000106a:	1c66      	adds	r6, r4, #1
1000106c:	1ac0      	subs	r0, r0, r3
1000106e:	18e3      	adds	r3, r4, r3
10001070:	009b      	lsls	r3, r3, #2
10001072:	0841      	lsrs	r1, r0, #1
10001074:	18eb      	adds	r3, r5, r3
10001076:	00c9      	lsls	r1, r1, #3
10001078:	18c9      	adds	r1, r1, r3
1000107a:	601a      	str	r2, [r3, #0]
1000107c:	605a      	str	r2, [r3, #4]
1000107e:	3308      	adds	r3, #8
10001080:	428b      	cmp	r3, r1
10001082:	d1fa      	bne.n	1000107a <runtime_init_install_ram_vector_table+0x4e>
10001084:	2301      	movs	r3, #1
10001086:	0001      	movs	r1, r0
10001088:	4399      	bics	r1, r3
1000108a:	1874      	adds	r4, r6, r1
1000108c:	4288      	cmp	r0, r1
1000108e:	d01a      	beq.n	100010c6 <runtime_init_install_ram_vector_table+0x9a>
10001090:	00a7      	lsls	r7, r4, #2
10001092:	51ea      	str	r2, [r5, r7]
10001094:	1c63      	adds	r3, r4, #1
10001096:	2c2f      	cmp	r4, #47	; 0x2f
10001098:	d015      	beq.n	100010c6 <runtime_init_install_ram_vector_table+0x9a>
1000109a:	009b      	lsls	r3, r3, #2
1000109c:	50ea      	str	r2, [r5, r3]
1000109e:	1ca3      	adds	r3, r4, #2
100010a0:	2c2e      	cmp	r4, #46	; 0x2e
100010a2:	d010      	beq.n	100010c6 <runtime_init_install_ram_vector_table+0x9a>
100010a4:	009b      	lsls	r3, r3, #2
100010a6:	50ea      	str	r2, [r5, r3]
100010a8:	1ce3      	adds	r3, r4, #3
100010aa:	2c2d      	cmp	r4, #45	; 0x2d
100010ac:	d00b      	beq.n	100010c6 <runtime_init_install_ram_vector_table+0x9a>
100010ae:	009b      	lsls	r3, r3, #2
100010b0:	50ea      	str	r2, [r5, r3]
100010b2:	1d23      	adds	r3, r4, #4
100010b4:	2c2c      	cmp	r4, #44	; 0x2c
100010b6:	d006      	beq.n	100010c6 <runtime_init_install_ram_vector_table+0x9a>
100010b8:	009b      	lsls	r3, r3, #2
100010ba:	50ea      	str	r2, [r5, r3]
100010bc:	1d63      	adds	r3, r4, #5
100010be:	2c2b      	cmp	r4, #43	; 0x2b
100010c0:	d001      	beq.n	100010c6 <runtime_init_install_ram_vector_table+0x9a>
100010c2:	009b      	lsls	r3, r3, #2
100010c4:	50ea      	str	r2, [r5, r3]
100010c6:	4b05      	ldr	r3, [pc, #20]	; (100010dc <runtime_init_install_ram_vector_table+0xb0>)
100010c8:	609d      	str	r5, [r3, #8]
100010ca:	bdf8      	pop	{r3, r4, r5, r6, r7, pc}
100010cc:	10000100 	.word	0x10000100
100010d0:	100001c0 	.word	0x100001c0
100010d4:	20000000 	.word	0x20000000
100010d8:	100001c1 	.word	0x100001c1
100010dc:	e000ed00 	.word	0xe000ed00

100010e0 <runtime_init_clocks>:
100010e0:	2300      	movs	r3, #0
100010e2:	b510      	push	{r4, lr}
100010e4:	4c29      	ldr	r4, [pc, #164]	; (1000118c <runtime_init_clocks+0xac>)
100010e6:	b082      	sub	sp, #8
100010e8:	67a3      	str	r3, [r4, #120]	; 0x78
100010ea:	f7ff ff2d 	bl	10000f48 <xosc_init>
100010ee:	2201      	movs	r2, #1
100010f0:	4b27      	ldr	r3, [pc, #156]	; (10001190 <runtime_init_clocks+0xb0>)
100010f2:	601a      	str	r2, [r3, #0]
100010f4:	6c63      	ldr	r3, [r4, #68]	; 0x44
100010f6:	2b01      	cmp	r3, #1
100010f8:	d1fc      	bne.n	100010f4 <runtime_init_clocks+0x14>
100010fa:	2203      	movs	r2, #3
100010fc:	4b25      	ldr	r3, [pc, #148]	; (10001194 <runtime_init_clocks+0xb4>)
100010fe:	601a      	str	r2, [r3, #0]
10001100:	4a22      	ldr	r2, [pc, #136]	; (1000118c <runtime_init_clocks+0xac>)
10001102:	6b93      	ldr	r3, [r2, #56]	; 0x38
10001104:	2b01      	cmp	r3, #1
10001106:	d1fc      	bne.n	10001102 <runtime_init_clocks+0x22>
10001108:	3301      	adds	r3, #1
1000110a:	9300      	str	r3, [sp, #0]
1000110c:	2101      	movs	r1, #1
1000110e:	4a22      	ldr	r2, [pc, #136]	; (10001198 <runtime_init_clocks+0xb8>)
10001110:	4822      	ldr	r0, [pc, #136]	; (1000119c <runtime_init_clocks+0xbc>)
10001112:	3304      	adds	r3, #4
10001114:	f7ff fe8e 	bl	10000e34 <pll_init>
10001118:	2305      	movs	r3, #5
1000111a:	2101      	movs	r1, #1
1000111c:	9300      	str	r3, [sp, #0]
1000111e:	4a20      	ldr	r2, [pc, #128]	; (100011a0 <runtime_init_clocks+0xc0>)
10001120:	4820      	ldr	r0, [pc, #128]	; (100011a4 <runtime_init_clocks+0xc4>)
10001122:	f7ff fe87 	bl	10000e34 <pll_init>
10001126:	2200      	movs	r2, #0
10001128:	2102      	movs	r1, #2
1000112a:	2004      	movs	r0, #4
1000112c:	4b1e      	ldr	r3, [pc, #120]	; (100011a8 <runtime_init_clocks+0xc8>)
1000112e:	f7ff fe07 	bl	10000d40 <clock_configure_undivided>
10001132:	2200      	movs	r2, #0
10001134:	2101      	movs	r1, #1
10001136:	2005      	movs	r0, #5
10001138:	4b1c      	ldr	r3, [pc, #112]	; (100011ac <runtime_init_clocks+0xcc>)
1000113a:	f7ff fe01 	bl	10000d40 <clock_configure_undivided>
1000113e:	2200      	movs	r2, #0
10001140:	2100      	movs	r1, #0
10001142:	2007      	movs	r0, #7
10001144:	4b1a      	ldr	r3, [pc, #104]	; (100011b0 <runtime_init_clocks+0xd0>)
10001146:	f7ff fdfb 	bl	10000d40 <clock_configure_undivided>
1000114a:	2200      	movs	r2, #0
1000114c:	2100      	movs	r1, #0
1000114e:	2008      	movs	r0, #8
10001150:	4b17      	ldr	r3, [pc, #92]	; (100011b0 <runtime_init_clocks+0xd0>)
10001152:	f7ff fdf5 	bl	10000d40 <clock_configure_undivided>
10001156:	2380      	movs	r3, #128	; 0x80
10001158:	00db      	lsls	r3, r3, #3
1000115a:	9300      	str	r3, [sp, #0]
1000115c:	2200      	movs	r2, #0
1000115e:	2100      	movs	r1, #0
10001160:	2009      	movs	r0, #9
10001162:	4b13      	ldr	r3, [pc, #76]	; (100011b0 <runtime_init_clocks+0xd0>)
10001164:	f7ff fd72 	bl	10000c4c <clock_configure_int_divider>
10001168:	2200      	movs	r2, #0
1000116a:	4b10      	ldr	r3, [pc, #64]	; (100011ac <runtime_init_clocks+0xcc>)
1000116c:	2100      	movs	r1, #0
1000116e:	2006      	movs	r0, #6
10001170:	f7ff fde6 	bl	10000d40 <clock_configure_undivided>
10001174:	2004      	movs	r0, #4
10001176:	f7ff fe57 	bl	10000e28 <clock_get_hz>
1000117a:	490e      	ldr	r1, [pc, #56]	; (100011b4 <runtime_init_clocks+0xd4>)
1000117c:	f000 f824 	bl	100011c8 <__wrap___aeabi_uidiv>
10001180:	0001      	movs	r1, r0
10001182:	2000      	movs	r0, #0
10001184:	f7ff fea6 	bl	10000ed4 <tick_start>
10001188:	b002      	add	sp, #8
1000118a:	bd10      	pop	{r4, pc}
1000118c:	40008000 	.word	0x40008000
10001190:	4000b03c 	.word	0x4000b03c
10001194:	4000b030 	.word	0x4000b030
10001198:	59682f00 	.word	0x59682f00
1000119c:	40028000 	.word	0x40028000
100011a0:	47868c00 	.word	0x47868c00
100011a4:	4002c000 	.word	0x4002c000
100011a8:	00b71b00 	.word	0x00b71b00
100011ac:	07735940 	.word	0x07735940
100011b0:	02dc6c00 	.word	0x02dc6c00
100011b4:	000f4240 	.word	0x000f4240

100011b8 <__aeabi_bits_init>:
100011b8:	4801      	ldr	r0, [pc, #4]	; (100011c0 <__aeabi_bits_init+0x8>)
100011ba:	2104      	movs	r1, #4
100011bc:	4b01      	ldr	r3, [pc, #4]	; (100011c4 <__aeabi_bits_init+0xc>)
100011be:	4718      	bx	r3
100011c0:	20000210 	.word	0x20000210
100011c4:	10000f05 	.word	0x10000f05

100011c8 <__wrap___aeabi_uidiv>:
100011c8:	4a11      	ldr	r2, [pc, #68]	; (10001210 <divmod_u32u32_savestate+0x18>)
100011ca:	6f93      	ldr	r3, [r2, #120]	; 0x78
100011cc:	089b      	lsrs	r3, r3, #2
100011ce:	d213      	bcs.n	100011f8 <divmod_u32u32_savestate>

100011d0 <divmod_u32u32_core>:
100011d0:	6610      	str	r0, [r2, #96]	; 0x60
100011d2:	6651      	str	r1, [r2, #100]	; 0x64
100011d4:	2900      	cmp	r1, #0
100011d6:	d005      	beq.n	100011e4 <divmod_u32u32_core+0x14>
100011d8:	e7ff      	b.n	100011da <divmod_u32u32_core+0xa>
100011da:	e7ff      	b.n	100011dc <divmod_u32u32_core+0xc>
100011dc:	e7ff      	b.n	100011de <divmod_u32u32_core+0xe>
100011de:	6f51      	ldr	r1, [r2, #116]	; 0x74
100011e0:	6f10      	ldr	r0, [r2, #112]	; 0x70
100011e2:	4770      	bx	lr
100011e4:	b504      	push	{r2, lr}
100011e6:	2800      	cmp	r0, #0
100011e8:	d001      	beq.n	100011ee <divmod_u32u32_core+0x1e>
100011ea:	2000      	movs	r0, #0
100011ec:	43c0      	mvns	r0, r0
100011ee:	f000 fa9f 	bl	10001730 <____aeabi_idiv0_veneer>
100011f2:	2100      	movs	r1, #0
100011f4:	bd04      	pop	{r2, pc}
100011f6:	46c0      	nop			; (mov r8, r8)

100011f8 <divmod_u32u32_savestate>:
100011f8:	b5f0      	push	{r4, r5, r6, r7, lr}
100011fa:	6e14      	ldr	r4, [r2, #96]	; 0x60
100011fc:	6e55      	ldr	r5, [r2, #100]	; 0x64
100011fe:	6f57      	ldr	r7, [r2, #116]	; 0x74
10001200:	6f16      	ldr	r6, [r2, #112]	; 0x70
10001202:	f7ff ffe5 	bl	100011d0 <divmod_u32u32_core>
10001206:	6614      	str	r4, [r2, #96]	; 0x60
10001208:	6655      	str	r5, [r2, #100]	; 0x64
1000120a:	6757      	str	r7, [r2, #116]	; 0x74
1000120c:	6716      	str	r6, [r2, #112]	; 0x70
1000120e:	bdf0      	pop	{r4, r5, r6, r7, pc}
10001210:	d0000000 	.word	0xd0000000

10001214 <__aeabi_double_init>:
10001214:	2313      	movs	r3, #19
10001216:	b570      	push	{r4, r5, r6, lr}
10001218:	781d      	ldrb	r5, [r3, #0]
1000121a:	2d01      	cmp	r5, #1
1000121c:	d019      	beq.n	10001252 <__aeabi_double_init+0x3e>
1000121e:	dd14      	ble.n	1000124a <__aeabi_double_init+0x36>
10001220:	481e      	ldr	r0, [pc, #120]	; (1000129c <__aeabi_double_init+0x88>)
10001222:	f7ff fe67 	bl	10000ef4 <rom_data_lookup>
10001226:	0006      	movs	r6, r0
10001228:	481d      	ldr	r0, [pc, #116]	; (100012a0 <__aeabi_double_init+0x8c>)
1000122a:	f7ff fe63 	bl	10000ef4 <rom_data_lookup>
1000122e:	4c1d      	ldr	r4, [pc, #116]	; (100012a4 <__aeabi_double_init+0x90>)
10001230:	2280      	movs	r2, #128	; 0x80
10001232:	0031      	movs	r1, r6
10001234:	0020      	movs	r0, r4
10001236:	f000 f8bd 	bl	100013b4 <__wrap___aeabi_memcpy>
1000123a:	2d02      	cmp	r5, #2
1000123c:	d006      	beq.n	1000124c <__aeabi_double_init+0x38>
1000123e:	481a      	ldr	r0, [pc, #104]	; (100012a8 <__aeabi_double_init+0x94>)
10001240:	f7ff fe50 	bl	10000ee4 <rom_func_lookup>
10001244:	4b19      	ldr	r3, [pc, #100]	; (100012ac <__aeabi_double_init+0x98>)
10001246:	6018      	str	r0, [r3, #0]
10001248:	bd70      	pop	{r4, r5, r6, pc}
1000124a:	4c16      	ldr	r4, [pc, #88]	; (100012a4 <__aeabi_double_init+0x90>)
1000124c:	4b18      	ldr	r3, [pc, #96]	; (100012b0 <__aeabi_double_init+0x9c>)
1000124e:	64a3      	str	r3, [r4, #72]	; 0x48
10001250:	e7f5      	b.n	1000123e <__aeabi_double_init+0x2a>
10001252:	4b17      	ldr	r3, [pc, #92]	; (100012b0 <__aeabi_double_init+0x9c>)
10001254:	4c13      	ldr	r4, [pc, #76]	; (100012a4 <__aeabi_double_init+0x90>)
10001256:	6023      	str	r3, [r4, #0]
10001258:	6063      	str	r3, [r4, #4]
1000125a:	60a3      	str	r3, [r4, #8]
1000125c:	60e3      	str	r3, [r4, #12]
1000125e:	6123      	str	r3, [r4, #16]
10001260:	6163      	str	r3, [r4, #20]
10001262:	61a3      	str	r3, [r4, #24]
10001264:	61e3      	str	r3, [r4, #28]
10001266:	6223      	str	r3, [r4, #32]
10001268:	6263      	str	r3, [r4, #36]	; 0x24
1000126a:	62a3      	str	r3, [r4, #40]	; 0x28
1000126c:	62e3      	str	r3, [r4, #44]	; 0x2c
1000126e:	6323      	str	r3, [r4, #48]	; 0x30
10001270:	6363      	str	r3, [r4, #52]	; 0x34
10001272:	63a3      	str	r3, [r4, #56]	; 0x38
10001274:	63e3      	str	r3, [r4, #60]	; 0x3c
10001276:	6423      	str	r3, [r4, #64]	; 0x40
10001278:	6463      	str	r3, [r4, #68]	; 0x44
1000127a:	64a3      	str	r3, [r4, #72]	; 0x48
1000127c:	64e3      	str	r3, [r4, #76]	; 0x4c
1000127e:	6523      	str	r3, [r4, #80]	; 0x50
10001280:	6563      	str	r3, [r4, #84]	; 0x54
10001282:	65a3      	str	r3, [r4, #88]	; 0x58
10001284:	65e3      	str	r3, [r4, #92]	; 0x5c
10001286:	6623      	str	r3, [r4, #96]	; 0x60
10001288:	6663      	str	r3, [r4, #100]	; 0x64
1000128a:	66a3      	str	r3, [r4, #104]	; 0x68
1000128c:	66e3      	str	r3, [r4, #108]	; 0x6c
1000128e:	6723      	str	r3, [r4, #112]	; 0x70
10001290:	6763      	str	r3, [r4, #116]	; 0x74
10001292:	67a3      	str	r3, [r4, #120]	; 0x78
10001294:	67e3      	str	r3, [r4, #124]	; 0x7c
10001296:	64a3      	str	r3, [r4, #72]	; 0x48
10001298:	e7d1      	b.n	1000123e <__aeabi_double_init+0x2a>
1000129a:	46c0      	nop			; (mov r8, r8)
1000129c:	00004453 	.word	0x00004453
100012a0:	00004653 	.word	0x00004653
100012a4:	200003b8 	.word	0x200003b8
100012a8:	0000334c 	.word	0x0000334c
100012ac:	20000600 	.word	0x20000600
100012b0:	100012b5 	.word	0x100012b5

100012b4 <double_table_shim_on_use_helper>:
100012b4:	b507      	push	{r0, r1, r2, lr}
100012b6:	4660      	mov	r0, ip
100012b8:	8801      	ldrh	r1, [r0, #0]
100012ba:	0a0a      	lsrs	r2, r1, #8
100012bc:	3002      	adds	r0, #2
100012be:	2adf      	cmp	r2, #223	; 0xdf
100012c0:	d1fa      	bne.n	100012b8 <double_table_shim_on_use_helper+0x4>
100012c2:	b2c9      	uxtb	r1, r1
100012c4:	0882      	lsrs	r2, r0, #2
100012c6:	d304      	bcc.n	100012d2 <double_table_shim_on_use_helper+0x1e>
100012c8:	8802      	ldrh	r2, [r0, #0]
100012ca:	8840      	ldrh	r0, [r0, #2]
100012cc:	0400      	lsls	r0, r0, #16
100012ce:	4310      	orrs	r0, r2
100012d0:	e000      	b.n	100012d4 <double_table_shim_on_use_helper+0x20>
100012d2:	6800      	ldr	r0, [r0, #0]
100012d4:	4a01      	ldr	r2, [pc, #4]	; (100012dc <double_table_shim_on_use_helper+0x28>)
100012d6:	5050      	str	r0, [r2, r1]
100012d8:	9003      	str	r0, [sp, #12]
100012da:	bd07      	pop	{r0, r1, r2, pc}
100012dc:	200003b8 	.word	0x200003b8

100012e0 <__wrap___aeabi_lmul>:
100012e0:	4351      	muls	r1, r2
100012e2:	4343      	muls	r3, r0
100012e4:	18c9      	adds	r1, r1, r3
100012e6:	468c      	mov	ip, r1
100012e8:	0c11      	lsrs	r1, r2, #16
100012ea:	b283      	uxth	r3, r0
100012ec:	434b      	muls	r3, r1
100012ee:	b410      	push	{r4}
100012f0:	0c04      	lsrs	r4, r0, #16
100012f2:	4361      	muls	r1, r4
100012f4:	b292      	uxth	r2, r2
100012f6:	b280      	uxth	r0, r0
100012f8:	4350      	muls	r0, r2
100012fa:	4362      	muls	r2, r4
100012fc:	041c      	lsls	r4, r3, #16
100012fe:	0c1b      	lsrs	r3, r3, #16
10001300:	1900      	adds	r0, r0, r4
10001302:	bc10      	pop	{r4}
10001304:	4159      	adcs	r1, r3
10001306:	0413      	lsls	r3, r2, #16
10001308:	0c12      	lsrs	r2, r2, #16
1000130a:	18c0      	adds	r0, r0, r3
1000130c:	4151      	adcs	r1, r2
1000130e:	4461      	add	r1, ip
10001310:	4770      	bx	lr
	...

10001314 <__aeabi_float_init>:
10001314:	2313      	movs	r3, #19
10001316:	b510      	push	{r4, lr}
10001318:	4812      	ldr	r0, [pc, #72]	; (10001364 <__aeabi_float_init+0x50>)
1000131a:	781c      	ldrb	r4, [r3, #0]
1000131c:	f7ff fdea 	bl	10000ef4 <rom_data_lookup>
10001320:	0001      	movs	r1, r0
10001322:	2c01      	cmp	r4, #1
10001324:	d00a      	beq.n	1000133c <__aeabi_float_init+0x28>
10001326:	dd03      	ble.n	10001330 <__aeabi_float_init+0x1c>
10001328:	2280      	movs	r2, #128	; 0x80
1000132a:	480f      	ldr	r0, [pc, #60]	; (10001368 <__aeabi_float_init+0x54>)
1000132c:	f000 f842 	bl	100013b4 <__wrap___aeabi_memcpy>
10001330:	480e      	ldr	r0, [pc, #56]	; (1000136c <__aeabi_float_init+0x58>)
10001332:	f7ff fdd7 	bl	10000ee4 <rom_func_lookup>
10001336:	4b0e      	ldr	r3, [pc, #56]	; (10001370 <__aeabi_float_init+0x5c>)
10001338:	6018      	str	r0, [r3, #0]
1000133a:	bd10      	pop	{r4, pc}
1000133c:	4c0a      	ldr	r4, [pc, #40]	; (10001368 <__aeabi_float_init+0x54>)
1000133e:	2254      	movs	r2, #84	; 0x54
10001340:	0020      	movs	r0, r4
10001342:	f000 f837 	bl	100013b4 <__wrap___aeabi_memcpy>
10001346:	4b0b      	ldr	r3, [pc, #44]	; (10001374 <__aeabi_float_init+0x60>)
10001348:	6563      	str	r3, [r4, #84]	; 0x54
1000134a:	65a3      	str	r3, [r4, #88]	; 0x58
1000134c:	65e3      	str	r3, [r4, #92]	; 0x5c
1000134e:	6623      	str	r3, [r4, #96]	; 0x60
10001350:	6663      	str	r3, [r4, #100]	; 0x64
10001352:	66a3      	str	r3, [r4, #104]	; 0x68
10001354:	66e3      	str	r3, [r4, #108]	; 0x6c
10001356:	6723      	str	r3, [r4, #112]	; 0x70
10001358:	6763      	str	r3, [r4, #116]	; 0x74
1000135a:	67a3      	str	r3, [r4, #120]	; 0x78
1000135c:	67e3      	str	r3, [r4, #124]	; 0x7c
1000135e:	6223      	str	r3, [r4, #32]
10001360:	61e3      	str	r3, [r4, #28]
10001362:	e7e5      	b.n	10001330 <__aeabi_float_init+0x1c>
10001364:	00004653 	.word	0x00004653
10001368:	200004b8 	.word	0x200004b8
1000136c:	0000334c 	.word	0x0000334c
10001370:	20000600 	.word	0x20000600
10001374:	10001379 	.word	0x10001379

10001378 <float_table_shim_on_use_helper>:
10001378:	b507      	push	{r0, r1, r2, lr}
1000137a:	4660      	mov	r0, ip
1000137c:	8801      	ldrh	r1, [r0, #0]
1000137e:	0a0a      	lsrs	r2, r1, #8
10001380:	3002      	adds	r0, #2
10001382:	2adf      	cmp	r2, #223	; 0xdf
10001384:	d1fa      	bne.n	1000137c <float_table_shim_on_use_helper+0x4>
10001386:	b2c9      	uxtb	r1, r1
10001388:	0882      	lsrs	r2, r0, #2
1000138a:	d304      	bcc.n	10001396 <float_table_shim_on_use_helper+0x1e>
1000138c:	8802      	ldrh	r2, [r0, #0]
1000138e:	8840      	ldrh	r0, [r0, #2]
10001390:	0400      	lsls	r0, r0, #16
10001392:	4310      	orrs	r0, r2
10001394:	e000      	b.n	10001398 <float_table_shim_on_use_helper+0x20>
10001396:	6800      	ldr	r0, [r0, #0]
10001398:	4a01      	ldr	r2, [pc, #4]	; (100013a0 <float_table_shim_on_use_helper+0x28>)
1000139a:	5050      	str	r0, [r2, r1]
1000139c:	9003      	str	r0, [sp, #12]
1000139e:	bd07      	pop	{r0, r1, r2, pc}
100013a0:	200004b8 	.word	0x200004b8

100013a4 <__aeabi_mem_init>:
100013a4:	4801      	ldr	r0, [pc, #4]	; (100013ac <__aeabi_mem_init+0x8>)
100013a6:	2104      	movs	r1, #4
100013a8:	4b01      	ldr	r3, [pc, #4]	; (100013b0 <__aeabi_mem_init+0xc>)
100013aa:	4718      	bx	r3
100013ac:	20000220 	.word	0x20000220
100013b0:	10000f05 	.word	0x10000f05

100013b4 <__wrap___aeabi_memcpy>:
100013b4:	4b01      	ldr	r3, [pc, #4]	; (100013bc <__wrap___aeabi_memcpy+0x8>)
100013b6:	685b      	ldr	r3, [r3, #4]
100013b8:	4718      	bx	r3
100013ba:	0000      	.short	0x0000
100013bc:	20000220 	.word	0x20000220

100013c0 <_out_char>:
100013c0:	b510      	push	{r4, lr}
100013c2:	2800      	cmp	r0, #0
100013c4:	d100      	bne.n	100013c8 <_out_char+0x8>
100013c6:	bd10      	pop	{r4, pc}
100013c8:	f000 f91a 	bl	10001600 <__wrap_putchar>
100013cc:	e7fb      	b.n	100013c6 <_out_char+0x6>
100013ce:	46c0      	nop			; (mov r8, r8)

100013d0 <weak_raw_vprintf>:
100013d0:	b510      	push	{r4, lr}
100013d2:	4a09      	ldr	r2, [pc, #36]	; (100013f8 <weak_raw_vprintf+0x28>)
100013d4:	0003      	movs	r3, r0
100013d6:	6814      	ldr	r4, [r2, #0]
100013d8:	b084      	sub	sp, #16
100013da:	2c00      	cmp	r4, #0
100013dc:	d008      	beq.n	100013f0 <weak_raw_vprintf+0x20>
100013de:	2201      	movs	r2, #1
100013e0:	9100      	str	r1, [sp, #0]
100013e2:	4806      	ldr	r0, [pc, #24]	; (100013fc <weak_raw_vprintf+0x2c>)
100013e4:	4252      	negs	r2, r2
100013e6:	a903      	add	r1, sp, #12
100013e8:	47a0      	blx	r4
100013ea:	2001      	movs	r0, #1
100013ec:	b004      	add	sp, #16
100013ee:	bd10      	pop	{r4, pc}
100013f0:	f000 f952 	bl	10001698 <__wrap_puts>
100013f4:	2000      	movs	r0, #0
100013f6:	e7f9      	b.n	100013ec <weak_raw_vprintf+0x1c>
100013f8:	200005ec 	.word	0x200005ec
100013fc:	100013c1 	.word	0x100013c1

10001400 <_exit>:
10001400:	be00      	bkpt	0x0000
10001402:	e7fd      	b.n	10001400 <_exit>

10001404 <_fini>:
10001404:	4770      	bx	lr
10001406:	46c0      	nop			; (mov r8, r8)

10001408 <exit>:
10001408:	b510      	push	{r4, lr}
1000140a:	f7ff fff9 	bl	10001400 <_exit>
1000140e:	46c0      	nop			; (mov r8, r8)

10001410 <runtime_init>:
10001410:	b570      	push	{r4, r5, r6, lr}
10001412:	f7ff fdb5 	bl	10000f80 <runtime_run_initializers>
10001416:	4d07      	ldr	r5, [pc, #28]	; (10001434 <runtime_init+0x24>)
10001418:	4e07      	ldr	r6, [pc, #28]	; (10001438 <runtime_init+0x28>)
1000141a:	42b5      	cmp	r5, r6
1000141c:	d209      	bcs.n	10001432 <runtime_init+0x22>
1000141e:	2400      	movs	r4, #0
10001420:	3e01      	subs	r6, #1
10001422:	1b76      	subs	r6, r6, r5
10001424:	08b6      	lsrs	r6, r6, #2
10001426:	cd08      	ldmia	r5!, {r3}
10001428:	4798      	blx	r3
1000142a:	0023      	movs	r3, r4
1000142c:	3401      	adds	r4, #1
1000142e:	42b3      	cmp	r3, r6
10001430:	d1f9      	bne.n	10001426 <runtime_init+0x16>
10001432:	bd70      	pop	{r4, r5, r6, pc}
10001434:	1000179c 	.word	0x1000179c
10001438:	1000179c 	.word	0x1000179c

1000143c <stdio_out_chars_no_crlf>:
1000143c:	0003      	movs	r3, r0
1000143e:	b510      	push	{r4, lr}
10001440:	0008      	movs	r0, r1
10001442:	0011      	movs	r1, r2
10001444:	681b      	ldr	r3, [r3, #0]
10001446:	4798      	blx	r3
10001448:	bd10      	pop	{r4, pc}
1000144a:	46c0      	nop			; (mov r8, r8)

1000144c <stdio_out_chars_crlf>:
1000144c:	b5f0      	push	{r4, r5, r6, r7, lr}
1000144e:	4646      	mov	r6, r8
10001450:	464f      	mov	r7, r9
10001452:	46d6      	mov	lr, sl
10001454:	b5c0      	push	{r6, r7, lr}
10001456:	7d43      	ldrb	r3, [r0, #21]
10001458:	4680      	mov	r8, r0
1000145a:	000e      	movs	r6, r1
1000145c:	0017      	movs	r7, r2
1000145e:	2b00      	cmp	r3, #0
10001460:	d046      	beq.n	100014f0 <stdio_out_chars_crlf+0xa4>
10001462:	2a00      	cmp	r2, #0
10001464:	dd3f      	ble.n	100014e6 <stdio_out_chars_crlf+0x9a>
10001466:	1e4b      	subs	r3, r1, #1
10001468:	4699      	mov	r9, r3
1000146a:	4b24      	ldr	r3, [pc, #144]	; (100014fc <stdio_out_chars_crlf+0xb0>)
1000146c:	2501      	movs	r5, #1
1000146e:	2400      	movs	r4, #0
10001470:	2000      	movs	r0, #0
10001472:	469a      	mov	sl, r3
10001474:	e00d      	b.n	10001492 <stdio_out_chars_crlf+0x46>
10001476:	464b      	mov	r3, r9
10001478:	5d1b      	ldrb	r3, [r3, r4]
1000147a:	3b0d      	subs	r3, #13
1000147c:	425a      	negs	r2, r3
1000147e:	4153      	adcs	r3, r2
10001480:	5d32      	ldrb	r2, [r6, r4]
10001482:	b2db      	uxtb	r3, r3
10001484:	2a0a      	cmp	r2, #10
10001486:	d00b      	beq.n	100014a0 <stdio_out_chars_crlf+0x54>
10001488:	002b      	movs	r3, r5
1000148a:	3401      	adds	r4, #1
1000148c:	3501      	adds	r5, #1
1000148e:	429f      	cmp	r7, r3
10001490:	dd1a      	ble.n	100014c8 <stdio_out_chars_crlf+0x7c>
10001492:	2c00      	cmp	r4, #0
10001494:	d1ef      	bne.n	10001476 <stdio_out_chars_crlf+0x2a>
10001496:	4643      	mov	r3, r8
10001498:	5d32      	ldrb	r2, [r6, r4]
1000149a:	7d1b      	ldrb	r3, [r3, #20]
1000149c:	2a0a      	cmp	r2, #10
1000149e:	d1f3      	bne.n	10001488 <stdio_out_chars_crlf+0x3c>
100014a0:	2b00      	cmp	r3, #0
100014a2:	d1f1      	bne.n	10001488 <stdio_out_chars_crlf+0x3c>
100014a4:	42a0      	cmp	r0, r4
100014a6:	da04      	bge.n	100014b2 <stdio_out_chars_crlf+0x66>
100014a8:	4643      	mov	r3, r8
100014aa:	1a21      	subs	r1, r4, r0
100014ac:	681b      	ldr	r3, [r3, #0]
100014ae:	1830      	adds	r0, r6, r0
100014b0:	4798      	blx	r3
100014b2:	4643      	mov	r3, r8
100014b4:	4650      	mov	r0, sl
100014b6:	681b      	ldr	r3, [r3, #0]
100014b8:	2102      	movs	r1, #2
100014ba:	4798      	blx	r3
100014bc:	3401      	adds	r4, #1
100014be:	0028      	movs	r0, r5
100014c0:	002b      	movs	r3, r5
100014c2:	3501      	adds	r5, #1
100014c4:	429f      	cmp	r7, r3
100014c6:	dce4      	bgt.n	10001492 <stdio_out_chars_crlf+0x46>
100014c8:	4287      	cmp	r7, r0
100014ca:	dd04      	ble.n	100014d6 <stdio_out_chars_crlf+0x8a>
100014cc:	4643      	mov	r3, r8
100014ce:	1a39      	subs	r1, r7, r0
100014d0:	681b      	ldr	r3, [r3, #0]
100014d2:	1830      	adds	r0, r6, r0
100014d4:	4798      	blx	r3
100014d6:	19f6      	adds	r6, r6, r7
100014d8:	3e01      	subs	r6, #1
100014da:	7833      	ldrb	r3, [r6, #0]
100014dc:	3b0d      	subs	r3, #13
100014de:	425a      	negs	r2, r3
100014e0:	4153      	adcs	r3, r2
100014e2:	4642      	mov	r2, r8
100014e4:	7513      	strb	r3, [r2, #20]
100014e6:	bce0      	pop	{r5, r6, r7}
100014e8:	46ba      	mov	sl, r7
100014ea:	46b1      	mov	r9, r6
100014ec:	46a8      	mov	r8, r5
100014ee:	bdf0      	pop	{r4, r5, r6, r7, pc}
100014f0:	6803      	ldr	r3, [r0, #0]
100014f2:	0011      	movs	r1, r2
100014f4:	0030      	movs	r0, r6
100014f6:	4798      	blx	r3
100014f8:	e7f5      	b.n	100014e6 <stdio_out_chars_crlf+0x9a>
100014fa:	46c0      	nop			; (mov r8, r8)
100014fc:	10001870 	.word	0x10001870

10001500 <stdio_put_string>:
10001500:	b5f0      	push	{r4, r5, r6, r7, lr}
10001502:	46de      	mov	lr, fp
10001504:	4657      	mov	r7, sl
10001506:	464e      	mov	r6, r9
10001508:	4645      	mov	r5, r8
1000150a:	b5e0      	push	{r5, r6, r7, lr}
1000150c:	b085      	sub	sp, #20
1000150e:	0017      	movs	r7, r2
10001510:	001c      	movs	r4, r3
10001512:	0006      	movs	r6, r0
10001514:	000d      	movs	r5, r1
10001516:	f7ff fb7f 	bl	10000c18 <time_us_64>
1000151a:	2300      	movs	r3, #0
1000151c:	4a31      	ldr	r2, [pc, #196]	; (100015e4 <stdio_put_string+0xe4>)
1000151e:	1812      	adds	r2, r2, r0
10001520:	414b      	adcs	r3, r1
10001522:	2b00      	cmp	r3, #0
10001524:	db59      	blt.n	100015da <stdio_put_string+0xda>
10001526:	4930      	ldr	r1, [pc, #192]	; (100015e8 <stdio_put_string+0xe8>)
10001528:	0008      	movs	r0, r1
1000152a:	468a      	mov	sl, r1
1000152c:	f000 f908 	bl	10001740 <__mutex_try_enter_block_until_veneer>
10001530:	9001      	str	r0, [sp, #4]
10001532:	1c6b      	adds	r3, r5, #1
10001534:	d103      	bne.n	1000153e <stdio_put_string+0x3e>
10001536:	0030      	movs	r0, r6
10001538:	f000 f8cc 	bl	100016d4 <strlen>
1000153c:	0005      	movs	r5, r0
1000153e:	2c00      	cmp	r4, #0
10001540:	d126      	bne.n	10001590 <stdio_put_string+0x90>
10001542:	4b2a      	ldr	r3, [pc, #168]	; (100015ec <stdio_put_string+0xec>)
10001544:	4698      	mov	r8, r3
10001546:	4b2a      	ldr	r3, [pc, #168]	; (100015f0 <stdio_put_string+0xf0>)
10001548:	681c      	ldr	r4, [r3, #0]
1000154a:	2c00      	cmp	r4, #0
1000154c:	d015      	beq.n	1000157a <stdio_put_string+0x7a>
1000154e:	2f00      	cmp	r7, #0
10001550:	d121      	bne.n	10001596 <stdio_put_string+0x96>
10001552:	4f28      	ldr	r7, [pc, #160]	; (100015f4 <stdio_put_string+0xf4>)
10001554:	e002      	b.n	1000155c <stdio_put_string+0x5c>
10001556:	6924      	ldr	r4, [r4, #16]
10001558:	2c00      	cmp	r4, #0
1000155a:	d00e      	beq.n	1000157a <stdio_put_string+0x7a>
1000155c:	6823      	ldr	r3, [r4, #0]
1000155e:	2b00      	cmp	r3, #0
10001560:	d0f9      	beq.n	10001556 <stdio_put_string+0x56>
10001562:	683b      	ldr	r3, [r7, #0]
10001564:	2b00      	cmp	r3, #0
10001566:	d001      	beq.n	1000156c <stdio_put_string+0x6c>
10001568:	42a3      	cmp	r3, r4
1000156a:	d1f4      	bne.n	10001556 <stdio_put_string+0x56>
1000156c:	0020      	movs	r0, r4
1000156e:	002a      	movs	r2, r5
10001570:	0031      	movs	r1, r6
10001572:	47c0      	blx	r8
10001574:	6924      	ldr	r4, [r4, #16]
10001576:	2c00      	cmp	r4, #0
10001578:	d1f0      	bne.n	1000155c <stdio_put_string+0x5c>
1000157a:	9b01      	ldr	r3, [sp, #4]
1000157c:	2b00      	cmp	r3, #0
1000157e:	d128      	bne.n	100015d2 <stdio_put_string+0xd2>
10001580:	0028      	movs	r0, r5
10001582:	b005      	add	sp, #20
10001584:	bcf0      	pop	{r4, r5, r6, r7}
10001586:	46bb      	mov	fp, r7
10001588:	46b2      	mov	sl, r6
1000158a:	46a9      	mov	r9, r5
1000158c:	46a0      	mov	r8, r4
1000158e:	bdf0      	pop	{r4, r5, r6, r7, pc}
10001590:	4b19      	ldr	r3, [pc, #100]	; (100015f8 <stdio_put_string+0xf8>)
10001592:	4698      	mov	r8, r3
10001594:	e7d7      	b.n	10001546 <stdio_put_string+0x46>
10001596:	4b17      	ldr	r3, [pc, #92]	; (100015f4 <stdio_put_string+0xf4>)
10001598:	4699      	mov	r9, r3
1000159a:	ab02      	add	r3, sp, #8
1000159c:	1ddf      	adds	r7, r3, #7
1000159e:	230a      	movs	r3, #10
100015a0:	469b      	mov	fp, r3
100015a2:	e002      	b.n	100015aa <stdio_put_string+0xaa>
100015a4:	6924      	ldr	r4, [r4, #16]
100015a6:	2c00      	cmp	r4, #0
100015a8:	d0e7      	beq.n	1000157a <stdio_put_string+0x7a>
100015aa:	6823      	ldr	r3, [r4, #0]
100015ac:	2b00      	cmp	r3, #0
100015ae:	d0f9      	beq.n	100015a4 <stdio_put_string+0xa4>
100015b0:	464b      	mov	r3, r9
100015b2:	681b      	ldr	r3, [r3, #0]
100015b4:	2b00      	cmp	r3, #0
100015b6:	d001      	beq.n	100015bc <stdio_put_string+0xbc>
100015b8:	42a3      	cmp	r3, r4
100015ba:	d1f3      	bne.n	100015a4 <stdio_put_string+0xa4>
100015bc:	002a      	movs	r2, r5
100015be:	0031      	movs	r1, r6
100015c0:	0020      	movs	r0, r4
100015c2:	47c0      	blx	r8
100015c4:	465b      	mov	r3, fp
100015c6:	2201      	movs	r2, #1
100015c8:	0039      	movs	r1, r7
100015ca:	0020      	movs	r0, r4
100015cc:	703b      	strb	r3, [r7, #0]
100015ce:	47c0      	blx	r8
100015d0:	e7e8      	b.n	100015a4 <stdio_put_string+0xa4>
100015d2:	4650      	mov	r0, sl
100015d4:	f000 f8bc 	bl	10001750 <__mutex_exit_veneer>
100015d8:	e7d2      	b.n	10001580 <stdio_put_string+0x80>
100015da:	2201      	movs	r2, #1
100015dc:	4b07      	ldr	r3, [pc, #28]	; (100015fc <stdio_put_string+0xfc>)
100015de:	4252      	negs	r2, r2
100015e0:	e7a1      	b.n	10001526 <stdio_put_string+0x26>
100015e2:	46c0      	nop			; (mov r8, r8)
100015e4:	000f4240 	.word	0x000f4240
100015e8:	20000230 	.word	0x20000230
100015ec:	1000143d 	.word	0x1000143d
100015f0:	200005e4 	.word	0x200005e4
100015f4:	200005e8 	.word	0x200005e8
100015f8:	1000144d 	.word	0x1000144d
100015fc:	7fffffff 	.word	0x7fffffff

10001600 <__wrap_putchar>:
10001600:	b5f0      	push	{r4, r5, r6, r7, lr}
10001602:	46ce      	mov	lr, r9
10001604:	4647      	mov	r7, r8
10001606:	b580      	push	{r7, lr}
10001608:	b083      	sub	sp, #12
1000160a:	466b      	mov	r3, sp
1000160c:	0006      	movs	r6, r0
1000160e:	1ddd      	adds	r5, r3, #7
10001610:	7028      	strb	r0, [r5, #0]
10001612:	f7ff fb01 	bl	10000c18 <time_us_64>
10001616:	2300      	movs	r3, #0
10001618:	4a1a      	ldr	r2, [pc, #104]	; (10001684 <__wrap_putchar+0x84>)
1000161a:	1812      	adds	r2, r2, r0
1000161c:	414b      	adcs	r3, r1
1000161e:	2b00      	cmp	r3, #0
10001620:	db2b      	blt.n	1000167a <__wrap_putchar+0x7a>
10001622:	4919      	ldr	r1, [pc, #100]	; (10001688 <__wrap_putchar+0x88>)
10001624:	0008      	movs	r0, r1
10001626:	4688      	mov	r8, r1
10001628:	f000 f88a 	bl	10001740 <__mutex_try_enter_block_until_veneer>
1000162c:	4b17      	ldr	r3, [pc, #92]	; (1000168c <__wrap_putchar+0x8c>)
1000162e:	4681      	mov	r9, r0
10001630:	681c      	ldr	r4, [r3, #0]
10001632:	2c00      	cmp	r4, #0
10001634:	d014      	beq.n	10001660 <__wrap_putchar+0x60>
10001636:	4f16      	ldr	r7, [pc, #88]	; (10001690 <__wrap_putchar+0x90>)
10001638:	e002      	b.n	10001640 <__wrap_putchar+0x40>
1000163a:	6924      	ldr	r4, [r4, #16]
1000163c:	2c00      	cmp	r4, #0
1000163e:	d00f      	beq.n	10001660 <__wrap_putchar+0x60>
10001640:	6823      	ldr	r3, [r4, #0]
10001642:	2b00      	cmp	r3, #0
10001644:	d0f9      	beq.n	1000163a <__wrap_putchar+0x3a>
10001646:	683b      	ldr	r3, [r7, #0]
10001648:	2b00      	cmp	r3, #0
1000164a:	d001      	beq.n	10001650 <__wrap_putchar+0x50>
1000164c:	42a3      	cmp	r3, r4
1000164e:	d1f4      	bne.n	1000163a <__wrap_putchar+0x3a>
10001650:	0020      	movs	r0, r4
10001652:	2201      	movs	r2, #1
10001654:	0029      	movs	r1, r5
10001656:	f7ff fef9 	bl	1000144c <stdio_out_chars_crlf>
1000165a:	6924      	ldr	r4, [r4, #16]
1000165c:	2c00      	cmp	r4, #0
1000165e:	d1ef      	bne.n	10001640 <__wrap_putchar+0x40>
10001660:	464b      	mov	r3, r9
10001662:	2b00      	cmp	r3, #0
10001664:	d105      	bne.n	10001672 <__wrap_putchar+0x72>
10001666:	0030      	movs	r0, r6
10001668:	b003      	add	sp, #12
1000166a:	bcc0      	pop	{r6, r7}
1000166c:	46b9      	mov	r9, r7
1000166e:	46b0      	mov	r8, r6
10001670:	bdf0      	pop	{r4, r5, r6, r7, pc}
10001672:	4640      	mov	r0, r8
10001674:	f000 f86c 	bl	10001750 <__mutex_exit_veneer>
10001678:	e7f5      	b.n	10001666 <__wrap_putchar+0x66>
1000167a:	2201      	movs	r2, #1
1000167c:	4b05      	ldr	r3, [pc, #20]	; (10001694 <__wrap_putchar+0x94>)
1000167e:	4252      	negs	r2, r2
10001680:	e7cf      	b.n	10001622 <__wrap_putchar+0x22>
10001682:	46c0      	nop			; (mov r8, r8)
10001684:	000f4240 	.word	0x000f4240
10001688:	20000230 	.word	0x20000230
1000168c:	200005e4 	.word	0x200005e4
10001690:	200005e8 	.word	0x200005e8
10001694:	7fffffff 	.word	0x7fffffff

10001698 <__wrap_puts>:
10001698:	b570      	push	{r4, r5, r6, lr}
1000169a:	0004      	movs	r4, r0
1000169c:	f000 f81a 	bl	100016d4 <strlen>
100016a0:	2301      	movs	r3, #1
100016a2:	0001      	movs	r1, r0
100016a4:	0005      	movs	r5, r0
100016a6:	2201      	movs	r2, #1
100016a8:	0020      	movs	r0, r4
100016aa:	f7ff ff29 	bl	10001500 <stdio_put_string>
100016ae:	4b08      	ldr	r3, [pc, #32]	; (100016d0 <__wrap_puts+0x38>)
100016b0:	681c      	ldr	r4, [r3, #0]
100016b2:	2c00      	cmp	r4, #0
100016b4:	d006      	beq.n	100016c4 <__wrap_puts+0x2c>
100016b6:	6863      	ldr	r3, [r4, #4]
100016b8:	2b00      	cmp	r3, #0
100016ba:	d005      	beq.n	100016c8 <__wrap_puts+0x30>
100016bc:	4798      	blx	r3
100016be:	6924      	ldr	r4, [r4, #16]
100016c0:	2c00      	cmp	r4, #0
100016c2:	d1f8      	bne.n	100016b6 <__wrap_puts+0x1e>
100016c4:	0028      	movs	r0, r5
100016c6:	bd70      	pop	{r4, r5, r6, pc}
100016c8:	6924      	ldr	r4, [r4, #16]
100016ca:	2c00      	cmp	r4, #0
100016cc:	d1f3      	bne.n	100016b6 <__wrap_puts+0x1e>
100016ce:	e7f9      	b.n	100016c4 <__wrap_puts+0x2c>
100016d0:	200005e4 	.word	0x200005e4

100016d4 <strlen>:
100016d4:	b510      	push	{r4, lr}
100016d6:	0783      	lsls	r3, r0, #30
100016d8:	d00a      	beq.n	100016f0 <strlen+0x1c>
100016da:	0003      	movs	r3, r0
100016dc:	2103      	movs	r1, #3
100016de:	e002      	b.n	100016e6 <strlen+0x12>
100016e0:	3301      	adds	r3, #1
100016e2:	420b      	tst	r3, r1
100016e4:	d005      	beq.n	100016f2 <strlen+0x1e>
100016e6:	781a      	ldrb	r2, [r3, #0]
100016e8:	2a00      	cmp	r2, #0
100016ea:	d1f9      	bne.n	100016e0 <strlen+0xc>
100016ec:	1a18      	subs	r0, r3, r0
100016ee:	bd10      	pop	{r4, pc}
100016f0:	0003      	movs	r3, r0
100016f2:	6819      	ldr	r1, [r3, #0]
100016f4:	4a0c      	ldr	r2, [pc, #48]	; (10001728 <strlen+0x54>)
100016f6:	4c0d      	ldr	r4, [pc, #52]	; (1000172c <strlen+0x58>)
100016f8:	188a      	adds	r2, r1, r2
100016fa:	438a      	bics	r2, r1
100016fc:	4222      	tst	r2, r4
100016fe:	d10f      	bne.n	10001720 <strlen+0x4c>
10001700:	6859      	ldr	r1, [r3, #4]
10001702:	4a09      	ldr	r2, [pc, #36]	; (10001728 <strlen+0x54>)
10001704:	3304      	adds	r3, #4
10001706:	188a      	adds	r2, r1, r2
10001708:	438a      	bics	r2, r1
1000170a:	4222      	tst	r2, r4
1000170c:	d108      	bne.n	10001720 <strlen+0x4c>
1000170e:	6859      	ldr	r1, [r3, #4]
10001710:	4a05      	ldr	r2, [pc, #20]	; (10001728 <strlen+0x54>)
10001712:	3304      	adds	r3, #4
10001714:	188a      	adds	r2, r1, r2
10001716:	438a      	bics	r2, r1
10001718:	4222      	tst	r2, r4
1000171a:	d0f1      	beq.n	10001700 <strlen+0x2c>
1000171c:	e000      	b.n	10001720 <strlen+0x4c>
1000171e:	3301      	adds	r3, #1
10001720:	781a      	ldrb	r2, [r3, #0]
10001722:	2a00      	cmp	r2, #0
10001724:	d1fb      	bne.n	1000171e <strlen+0x4a>
10001726:	e7e1      	b.n	100016ec <strlen+0x18>
10001728:	fefefeff 	.word	0xfefefeff
1000172c:	80808080 	.word	0x80808080

10001730 <____aeabi_idiv0_veneer>:
10001730:	b401      	push	{r0}
10001732:	4802      	ldr	r0, [pc, #8]	; (1000173c <____aeabi_idiv0_veneer+0xc>)
10001734:	4684      	mov	ip, r0
10001736:	bc01      	pop	{r0}
10001738:	4760      	bx	ip
1000173a:	bf00      	nop
1000173c:	200001d5 	.word	0x200001d5

10001740 <__mutex_try_enter_block_until_veneer>:
10001740:	b401      	push	{r0}
10001742:	4802      	ldr	r0, [pc, #8]	; (1000174c <__mutex_try_enter_block_until_veneer+0xc>)
10001744:	4684      	mov	ip, r0
10001746:	bc01      	pop	{r0}
10001748:	4760      	bx	ip
1000174a:	bf00      	nop
1000174c:	20000179 	.word	0x20000179

10001750 <__mutex_exit_veneer>:
10001750:	b401      	push	{r0}
10001752:	4802      	ldr	r0, [pc, #8]	; (1000175c <__mutex_exit_veneer+0xc>)
10001754:	4684      	mov	ip, r0
10001756:	bc01      	pop	{r0}
10001758:	4760      	bx	ip
1000175a:	bf00      	nop
1000175c:	200001ad 	.word	0x200001ad

10001760 <__pre_init_runtime_init_early_resets>:
10001760:	10000fa9                                ....

10001764 <__pre_init_runtime_init_usb_power_down>:
10001764:	10000fd5 100011b9 100013a5 10001215     ................
10001774:	10001315                                ....

10001778 <__pre_init_runtime_init_clocks>:
10001778:	100010e1                                ....

1000177c <__pre_init_runtime_init_post_clock_resets>:
1000177c:	10000ff1                                ....

10001780 <__pre_init_runtime_init_rp2040_gpio_ie_disable>:
10001780:	10001011                                ....

10001784 <__pre_init_runtime_init_spin_locks_reset>:
10001784:	10001025                                %...

10001788 <__pre_init_runtime_init_mutex>:
10001788:	1000043d                                =...

1000178c <__pre_init_runtime_init_install_ram_vector_table>:
1000178c:	1000102d                                -...

10001790 <__pre_init_runtime_init_default_alarm_pool>:
10001790:	100007cd                                ....

10001794 <__pre_init_first_per_core_initializer>:
10001794:	10000f71                                q...

10001798 <__pre_init_runtime_init_per_core_irq_priorities>:
10001798:	10000391                                ....

Disassembly of section .data:

200000c0 <mutex_try_enter>:
200000c0:	0003      	movs	r3, r0
200000c2:	6800      	ldr	r0, [r0, #0]
200000c4:	f3ef 8c10 	mrs	ip, PRIMASK
200000c8:	b672      	cpsid	i
200000ca:	6802      	ldr	r2, [r0, #0]
200000cc:	2a00      	cmp	r2, #0
200000ce:	d0fc      	beq.n	200000ca <mutex_try_enter+0xa>
200000d0:	f3bf 8f5f 	dmb	sy
200000d4:	2204      	movs	r2, #4
200000d6:	569a      	ldrsb	r2, [r3, r2]
200000d8:	2a00      	cmp	r2, #0
200000da:	db0b      	blt.n	200000f4 <mutex_try_enter+0x34>
200000dc:	2900      	cmp	r1, #0
200000de:	d00f      	beq.n	20000100 <mutex_try_enter+0x40>
200000e0:	2000      	movs	r0, #0
200000e2:	600a      	str	r2, [r1, #0]
200000e4:	681b      	ldr	r3, [r3, #0]
200000e6:	f3bf 8f5f 	dmb	sy
200000ea:	2200      	movs	r2, #0
200000ec:	601a      	str	r2, [r3, #0]
200000ee:	f38c 8810 	msr	PRIMASK, ip
200000f2:	4770      	bx	lr
200000f4:	22d0      	movs	r2, #208	; 0xd0
200000f6:	0612      	lsls	r2, r2, #24
200000f8:	6812      	ldr	r2, [r2, #0]
200000fa:	2001      	movs	r0, #1
200000fc:	711a      	strb	r2, [r3, #4]
200000fe:	e7f1      	b.n	200000e4 <mutex_try_enter+0x24>
20000100:	2000      	movs	r0, #0
20000102:	e7ef      	b.n	200000e4 <mutex_try_enter+0x24>

20000104 <mutex_enter_block_until>:
20000104:	b5f0      	push	{r4, r5, r6, r7, lr}
20000106:	464f      	mov	r7, r9
20000108:	46d6      	mov	lr, sl
2000010a:	4646      	mov	r6, r8
2000010c:	b5c0      	push	{r6, r7, lr}
2000010e:	001f      	movs	r7, r3
20000110:	23d0      	movs	r3, #208	; 0xd0
20000112:	061b      	lsls	r3, r3, #24
20000114:	681b      	ldr	r3, [r3, #0]
20000116:	0004      	movs	r4, r0
20000118:	469a      	mov	sl, r3
2000011a:	2300      	movs	r3, #0
2000011c:	4690      	mov	r8, r2
2000011e:	4699      	mov	r9, r3
20000120:	e00c      	b.n	2000013c <mutex_enter_block_until+0x38>
20000122:	6822      	ldr	r2, [r4, #0]
20000124:	f3bf 8f5f 	dmb	sy
20000128:	4649      	mov	r1, r9
2000012a:	6011      	str	r1, [r2, #0]
2000012c:	f383 8810 	msr	PRIMASK, r3
20000130:	4640      	mov	r0, r8
20000132:	0039      	movs	r1, r7
20000134:	f000 f850 	bl	200001d8 <__best_effort_wfe_or_timeout_veneer>
20000138:	2800      	cmp	r0, #0
2000013a:	d11a      	bne.n	20000172 <mutex_enter_block_until+0x6e>
2000013c:	6826      	ldr	r6, [r4, #0]
2000013e:	f3ef 8310 	mrs	r3, PRIMASK
20000142:	b672      	cpsid	i
20000144:	6835      	ldr	r5, [r6, #0]
20000146:	2d00      	cmp	r5, #0
20000148:	d0fc      	beq.n	20000144 <mutex_enter_block_until+0x40>
2000014a:	f3bf 8f5f 	dmb	sy
2000014e:	7925      	ldrb	r5, [r4, #4]
20000150:	2d7f      	cmp	r5, #127	; 0x7f
20000152:	d9e6      	bls.n	20000122 <mutex_enter_block_until+0x1e>
20000154:	4652      	mov	r2, sl
20000156:	7122      	strb	r2, [r4, #4]
20000158:	6822      	ldr	r2, [r4, #0]
2000015a:	f3bf 8f5f 	dmb	sy
2000015e:	2100      	movs	r1, #0
20000160:	6011      	str	r1, [r2, #0]
20000162:	f383 8810 	msr	PRIMASK, r3
20000166:	2001      	movs	r0, #1
20000168:	bce0      	pop	{r5, r6, r7}
2000016a:	46ba      	mov	sl, r7
2000016c:	46b1      	mov	r9, r6
2000016e:	46a8      	mov	r8, r5
20000170:	bdf0      	pop	{r4, r5, r6, r7, pc}
20000172:	2000      	movs	r0, #0
20000174:	e7f8      	b.n	20000168 <mutex_enter_block_until+0x64>
20000176:	46c0      	nop			; (mov r8, r8)

20000178 <mutex_try_enter_block_until>:
20000178:	b570      	push	{r4, r5, r6, lr}
2000017a:	b082      	sub	sp, #8
2000017c:	a901      	add	r1, sp, #4
2000017e:	0004      	movs	r4, r0
20000180:	0016      	movs	r6, r2
20000182:	001d      	movs	r5, r3
20000184:	f7ff ff9c 	bl	200000c0 <mutex_try_enter>
20000188:	2800      	cmp	r0, #0
2000018a:	d107      	bne.n	2000019c <mutex_try_enter_block_until+0x24>
2000018c:	22d0      	movs	r2, #208	; 0xd0
2000018e:	0612      	lsls	r2, r2, #24
20000190:	9b01      	ldr	r3, [sp, #4]
20000192:	7812      	ldrb	r2, [r2, #0]
20000194:	b25b      	sxtb	r3, r3
20000196:	b252      	sxtb	r2, r2
20000198:	4293      	cmp	r3, r2
2000019a:	d101      	bne.n	200001a0 <mutex_try_enter_block_until+0x28>
2000019c:	b002      	add	sp, #8
2000019e:	bd70      	pop	{r4, r5, r6, pc}
200001a0:	0032      	movs	r2, r6
200001a2:	002b      	movs	r3, r5
200001a4:	0020      	movs	r0, r4
200001a6:	f7ff ffad 	bl	20000104 <mutex_enter_block_until>
200001aa:	e7f7      	b.n	2000019c <mutex_try_enter_block_until+0x24>

200001ac <mutex_exit>:
200001ac:	6802      	ldr	r2, [r0, #0]
200001ae:	f3ef 8110 	mrs	r1, PRIMASK
200001b2:	b672      	cpsid	i
200001b4:	6813      	ldr	r3, [r2, #0]
200001b6:	2b00      	cmp	r3, #0
200001b8:	d0fc      	beq.n	200001b4 <mutex_exit+0x8>
200001ba:	f3bf 8f5f 	dmb	sy
200001be:	23ff      	movs	r3, #255	; 0xff
200001c0:	7103      	strb	r3, [r0, #4]
200001c2:	6803      	ldr	r3, [r0, #0]
200001c4:	f3bf 8f5f 	dmb	sy
200001c8:	2200      	movs	r2, #0
200001ca:	601a      	str	r2, [r3, #0]
200001cc:	f381 8810 	msr	PRIMASK, r1
200001d0:	bf40      	sev
200001d2:	4770      	bx	lr

200001d4 <__aeabi_idiv0>:
200001d4:	4770      	bx	lr
200001d6:	46c0      	nop			; (mov r8, r8)

200001d8 <__best_effort_wfe_or_timeout_veneer>:
200001d8:	b401      	push	{r0}
200001da:	4802      	ldr	r0, [pc, #8]	; (200001e4 <__best_effort_wfe_or_timeout_veneer+0xc>)
200001dc:	4684      	mov	ip, r0
200001de:	bc01      	pop	{r0}
200001e0:	4760      	bx	ip
200001e2:	bf00      	nop
200001e4:	10000ad9 	.word	0x10000ad9

200001e8 <striped_spin_lock_num>:
200001e8:	00000010                                ....

200001ec <default_alarm_pool>:
	...
20000200:	20000238 00000000                       8.. ....

20000208 <last_added.0>:
20000208:	ffffffff 7fffffff                       ........

20000210 <aeabi_bits_funcs>:
20000210:	00003350 	.word	0x00003350
20000214:	0000334c 	.word	0x0000334c
20000218:	00003354 	.word	0x00003354
2000021c:	00003352 	.word	0x00003352

20000220 <aeabi_bits_funcs_end>:
20000220:	0000534d 	.word	0x0000534d
20000224:	0000434d 	.word	0x0000434d
20000228:	00003453 	.word	0x00003453
2000022c:	00003443 	.word	0x00003443

20000230 <print_mutex>:
	...
